ind,MOF,UCVOL,RHO,PLD,LCD,SA,PV,Vf,KH_H2O,Hst_H2O,M_D4,V_D4
0,ADASOP_stripped,35781.3,0.63,6.69,18.04,3355.31,1.22,0.77,5.76e-06,20.68,0.43192,0.2721096
1,ADAVEI_stripped,130617.0,1.06,6.25,9.08,1042.09,0.53,0.56,1.96e-06,15.59,0.15324000000000002,0.16243440000000003
2,ADUWIH_stripped,86023.1,0.72,6.55,9.28,2595.28,0.99,0.71,3.64e-06,16.04,0.15830000000000002,0.11397600000000001
3,AGIREP_clean,25662.0,1.0,6.86,10.93,2058.29,0.69,0.69,4.85e-06,20.5,0.14233,0.14233
4,AHETAK_stripped,48450.1,0.99,6.48,9.75,1815.91,0.64,0.64,5.73e-06,17.24,0.23083,0.2285217
5,ANUGUM_stripped,38203.0,0.68,7.02,8.27,3459.73,1.09,0.74,4.82e-06,14.92,0.43921,0.2986628
6,AQIQAU_clean,46877.2,0.86,6.31,7.61,2096.64,0.77,0.67,8.97e-06,24.28,0.12174,0.1046964
7,ATEYED_clean,45620.6,0.47,6.22,7.48,6672.39,1.67,0.78,6.02e-06,17.1,0.16928,0.0795616
8,AVEQID_clean,54423.6,0.8,6.23,7.55,2607.68,0.89,0.71,7.76e-06,21.11,0.22740000000000002,0.18192000000000003
9,AVITUU_clean,68173.1,0.71,6.93,11.69,2056.56,0.98,0.7,3.97e-06,16.14,0.32117,0.2280307
10,AVIVIK_clean,72416.9,0.73,6.7,11.8,2073.82,0.96,0.71,5.24e-06,18.46,0.30072000000000004,0.21952560000000002
11,AVIVUW_clean,72864.3,0.73,6.92,12.04,2060.35,0.97,0.71,4.79e-06,17.85,0.31495,0.2299135
12,BAKGIF_manual,29867.0,1.02,6.31,7.55,1332.22,0.6,0.61,4.86e-06,24.67,0.09148,0.0933096
13,BAKYOE_clean,38571.0,1.03,6.19,7.12,1306.9,0.56,0.58,4.5e-06,16.99,0.03972,0.0409116
14,BEPRIZ_clean,39788.4,0.76,6.04,10.21,2527.98,0.89,0.68,3.52e-06,16.0,0.2722,0.206872
15,BIZLUT_clean,85500.9,0.85,6.4,8.11,2042.63,0.77,0.65,3.58e-06,15.24,0.03976,0.033796
16,BIZMAA_clean,87031.8,0.84,6.8,8.83,2106.96,0.79,0.66,3.58e-06,16.0,0.10491,0.0881244
17,BIZMEE_clean,85523.7,0.86,6.47,8.33,2036.06,0.77,0.66,3.62e-06,15.75,0.05803,0.0499058
18,BIZMII_clean,84756.0,0.87,6.37,8.09,2001.56,0.75,0.65,3.82e-06,16.56,0.040299999999999996,0.035060999999999995
19,BOHXAZ_auto,19359.8,0.79,6.15,12.21,2531.23,0.9,0.71,3.04e-06,16.63,0.48097,0.37996630000000003
20,BOYYOF_clean,71035.6,1.14,6.48,9.47,1249.95,0.51,0.59,5.78e-06,22.09,0.16813,0.19166819999999998
21,BUCWAZ_clean,42355.6,0.99,6.32,8.07,2050.2,0.7,0.69,6.97e-06,18.58,0.20596,0.2039004
22,CAVRAU_clean,60115.9,0.99,6.43,8.06,1683.84,0.65,0.65,8.43e-06,21.11,0.1401,0.138699
23,CAVVUS_clean,38089.6,1.11,6.18,8.7,1293.31,0.57,0.64,3.23e-06,17.45,0.26869,0.2982459
24,CAZNOI_charged,28653.0,0.69,6.53,9.9,2979.96,1.02,0.71,7.77e-06,23.02,0.39815,0.27472349999999995
25,COCNAL_clean,25274.2,0.65,6.55,10.84,3470.9,1.18,0.77,6.9e-06,19.47,0.59157,0.38452050000000004
26,CUNWEO_clean,55823.7,1.23,6.49,7.1,843.05,0.42,0.52,4.73e-06,22.85,0.12165999999999999,0.1496418
27,DAKVOC_clean,25595.0,0.81,6.67,10.83,2232.39,0.88,0.72,4.62e-06,17.95,0.35441,0.2870721
28,DAPHOU_clean,36905.1,0.79,6.06,10.96,2848.79,0.94,0.74,3.52e-06,16.08,0.37361,0.2951519
29,DODBUV_stripped,86107.9,0.73,6.84,11.42,2952.56,0.99,0.73,5.13e-06,15.5,0.37738,0.2754874
30,DUDKOE_clean,49575.7,0.78,6.01,10.92,2894.3,0.94,0.73,3.78e-06,18.11,0.28202,0.2199756
31,DUPKAC_clean,151029.0,0.65,6.57,11.89,3128.94,1.15,0.74,2.96e-06,11.91,0.41795,0.2716675
32,DUPVER_stripped,24851.6,0.8,6.47,9.93,2568.23,0.91,0.73,4.31e-06,17.04,0.39837,0.31869600000000003
33,EBEVAK_stripped,31931.1,1.04,6.3,7.55,1092.04,0.55,0.57,8.13e-06,24.28,0.06063,0.0630552
34,EDAPIK_clean_h,59533.8,0.67,6.53,7.1,2529.63,1.03,0.7,7.51e-06,21.41,0.20914,0.1401238
35,EDOMAM_clean,25056.2,0.81,6.04,8.29,2321.5,0.82,0.66,5.92e-06,21.2,0.26217,0.21235770000000004
36,EDUSUR_clean,136535.0,0.72,6.61,14.97,2665.78,1.06,0.77,2.05e-06,12.19,0.39076,0.28134719999999996
37,EFESOZ_clean,118205.0,0.91,6.19,10.4,1377.52,0.69,0.63,9.16e-06,21.33,0.08660999999999999,0.0788151
38,EQOXIT_clean,39008.6,1.2,6.98,7.69,929.29,0.46,0.55,4.57e-06,24.75,0.02112,0.025344
39,ERULEK_clean,66765.2,0.8,6.97,8.93,2162.75,0.83,0.66,3.12e-06,15.06,0.2432,0.19456
40,FAGREM_clean,38612.1,1.47,6.89,7.38,873.8,0.38,0.56,4.7e-06,23.52,0.013009999999999999,0.019124699999999998
41,FARFIO_clean,32057.2,1.31,6.55,9.12,1212.05,0.49,0.65,2.95e-06,20.83,0.18130000000000002,0.23750300000000002
42,FARFOU_clean,31997.7,1.31,6.04,8.96,1208.21,0.49,0.64,2.53e-06,21.22,0.16661,0.2182591
43,FEFCUQ_clean,26207.8,0.78,6.35,8.88,2441.21,0.87,0.68,4.66e-06,17.56,0.31645,0.24683100000000002
44,FEFDAX_clean,24733.8,0.83,6.38,7.79,2347.88,0.81,0.67,4.17e-06,17.74,0.2867,0.237961
45,FEHCOM_stripped,62281.7,0.95,6.75,7.42,1471.65,0.66,0.63,6.34e-06,20.87,0.023170000000000003,0.022011500000000003
46,FERHAN_clean,39926.5,0.78,6.41,10.24,2221.72,0.89,0.7,4.18e-06,16.48,0.26747000000000004,0.20862660000000005
47,FIJCUX01_clean,36385.6,1.22,6.13,7.35,1156.32,0.49,0.6,4.49e-06,23.93,0.042159999999999996,0.05143519999999999
48,FIZPUB_clean,28747.5,0.77,6.54,8.27,2786.55,0.94,0.72,9.8e-06,20.43,0.35557,0.2737889
49,FUTZAX_clean,34051.1,0.96,6.11,6.7,1822.19,0.7,0.67,4.25e-06,19.19,0.0327,0.031391999999999996
50,FUTZOL_clean,46789.7,0.89,6.37,9.3,1696.81,0.76,0.68,7.56e-06,20.53,0.18126,0.1613214
51,GADMAA01_clean,23094.2,1.5,6.95,8.25,594.37,0.38,0.57,1.89e-06,18.58,0.02553,0.038295
52,GALCAZ_clean,42183.2,1.17,6.98,7.52,881.85,0.44,0.52,2.96e-06,20.09,0.04836,0.0565812
53,GALJAG_clean,57452.9,0.83,6.99,7.14,2501.78,0.82,0.68,5.93e-06,17.91,0.0498,0.041333999999999996
54,GASSUR_clean,29513.8,1.06,6.37,7.13,1407.29,0.57,0.61,4.63e-06,19.69,0.00929,0.009847400000000001
55,GEFYUN_clean,50724.1,1.05,6.28,6.74,1149.88,0.52,0.55,7.71e-06,25.92,0.048490000000000005,0.05091450000000001
56,GIRYAJ_clean,68584.7,0.86,6.68,11.13,2502.79,0.86,0.73,5.6e-06,16.28,0.31629,0.2720094
57,GOQSIQ_clean,39549.0,1.01,6.04,8.18,1379.67,0.64,0.64,1.78e-06,13.53,0.12387000000000001,0.12510870000000002
58,GUGJEZ_clean,22393.4,0.62,6.7,13.9,3566.69,1.27,0.78,9.51e-06,23.84,0.5549,0.34403799999999995
59,GULWIU_clean,65948.2,0.92,6.3,11.06,2338.77,0.79,0.72,7.21e-06,19.57,0.20163,0.18549960000000001
60,HACNIL_stripped,39617.8,0.87,6.33,8.13,1658.07,0.71,0.62,4.49e-06,18.84,0.18081,0.1573047
61,HANHAH_clean,36992.5,0.88,6.73,12.93,2157.14,0.83,0.72,2.92e-06,14.58,0.35646,0.3136848
62,HAPHUD_clean,39867.6,0.83,6.83,8.48,2073.08,0.8,0.66,5.44e-06,18.1,0.31391,0.2605453
63,HEDCAW_clean,36437.2,0.94,6.62,8.18,1992.09,0.68,0.64,6.44e-06,23.38,0.21327000000000002,0.2004738
64,HIFVOI_clean,49642.8,0.85,6.57,9.0,2206.14,0.82,0.7,3.23e-06,21.47,0.12721,0.10812849999999999
65,HOZTOG_clean,13993.4,1.39,6.41,8.7,1183.83,0.46,0.64,3.77e-06,24.09,0.22302000000000002,0.3099978
66,IBOTOI_clean,34811.2,0.68,6.5,9.56,3029.3,1.05,0.71,3.13e-06,14.86,0.36501999999999996,0.24821359999999998
67,IBUBAL_clean,43354.1,1.38,6.5,8.56,1054.61,0.43,0.59,3.84e-06,20.6,0.08932,0.12326159999999999
68,ICALOP_stripped,45538.1,0.8,5.99,7.49,2871.98,0.91,0.72,5.38e-06,15.48,0.10151,0.081208
69,ICEGED_clean,46284.7,0.94,6.42,7.44,2151.7,0.75,0.7,4.34e-06,16.84,0.19421000000000002,0.1825574
70,IDEYOF_clean,45982.1,0.43,6.17,10.03,5784.62,1.88,0.81,4.36e-06,14.26,0.8369,0.359867
71,IDIWOH02_stripped,24853.9,0.99,7.0,7.54,1525.69,0.63,0.63,3.95e-06,19.65,0.020050000000000002,0.019849500000000003
72,ISOHEE_stripped,28130.3,0.85,6.29,8.55,2004.28,0.78,0.66,3.62e-06,15.67,0.30998000000000003,0.263483
73,IVEHEW_manual,37349.7,0.86,6.65,8.09,1917.15,0.76,0.65,8.02e-06,22.21,0.12298999999999999,0.10577139999999999
74,IXODUV_clean,24268.9,1.01,6.49,6.95,1530.59,0.62,0.63,6.55e-06,22.2,0.26106,0.26367060000000003
75,IXOFAD_clean,24304.9,1.01,6.74,7.25,1515.96,0.62,0.63,5.01e-06,20.72,0.06008,0.0606808
76,IXOFEH_clean,23905.9,1.03,6.67,7.09,1435.09,0.6,0.62,7.42e-06,24.47,0.02056,0.0211768
77,IXOFIL_clean,24179.1,1.02,6.67,7.14,1475.22,0.62,0.63,5.94e-06,21.91,0.0775,0.07905
78,IXOFOR_clean,24023.1,1.02,6.1,6.59,1504.09,0.61,0.62,9.95e-06,26.85,0.22150999999999998,0.22594019999999998
79,IXOFUX_clean,24518.2,1.0,6.61,7.09,1546.94,0.63,0.63,7.56e-06,24.33,0.12264,0.12264
80,IXOFUX01_clean,24519.7,1.0,6.41,6.87,1554.54,0.63,0.63,7.59e-06,23.96,0.19582,0.19582
81,IYOCIK_clean,31465.0,1.34,6.02,8.72,1188.15,0.48,0.64,1.78e-06,17.71,0.14421,0.1932414
82,IYODAD_clean,31025.8,1.11,6.32,9.12,1428.21,0.58,0.65,4.82e-06,22.56,0.18058000000000002,0.20044380000000003
83,JEDKEJ_clean,79423.0,0.81,6.93,11.83,1794.06,0.82,0.66,4.54e-06,20.48,0.26932,0.21814920000000002
84,JEWYAM_charged,55881.4,0.76,6.39,15.97,1752.34,0.95,0.72,2.31e-06,13.71,0.48104,0.36559040000000004
85,JORLEJ_clean,42513.2,0.8,6.43,9.51,2325.14,0.83,0.66,5.19e-06,20.03,0.27270999999999995,0.21816799999999997
86,JOXNER_stripped,89452.4,1.8,6.14,7.42,495.87,0.32,0.58,3.04e-06,23.09,0.00613,0.011034
87,JUMCUR_clean,23780.1,1.03,6.12,6.67,1444.55,0.6,0.62,8.19e-06,25.1,0.08553,0.08809589999999999
88,JUYJIY_clean,31752.8,0.86,6.41,8.94,1790.88,0.78,0.68,8.09e-06,21.4,0.28452999999999995,0.24469579999999996
89,KASRED_clean,65324.4,0.89,6.37,7.65,2298.9,0.78,0.69,3.97e-06,15.02,0.10442,0.0929338
90,KEHGAH_charged,34371.1,0.99,6.82,8.42,1317.65,0.62,0.62,4.82e-06,18.98,0.12791,0.1266309
91,KEQDER_clean,32721.6,0.54,6.5,13.63,4123.05,1.45,0.79,4.55e-06,15.08,0.67143,0.3625722
92,KEQJEX_clean,55705.8,1.16,6.44,6.92,763.64,0.45,0.53,3.47e-06,19.39,0.03664,0.042502399999999996
93,KOCCUC_clean,23679.5,1.04,6.82,9.19,1213.6,0.6,0.62,9.65e-06,24.26,0.23559,0.2450136
94,KUDWAJ_clean,74885.4,0.91,6.28,7.34,1931.55,0.72,0.65,4.2e-06,18.25,0.15296,0.13919360000000003
95,KUJNOT_clean,17113.0,1.06,6.1,8.24,1336.94,0.57,0.61,3.64e-06,19.94,0.24465,0.25932900000000003
96,KUJNUZ_clean,17113.0,1.08,6.5,8.01,1258.52,0.55,0.6,6.63e-06,24.41,0.23406,0.25278480000000003
97,KUJPAH_clean,33428.9,0.81,6.66,10.82,2265.57,0.86,0.7,3.8e-06,16.56,0.29986,0.24288660000000004
98,KUYGOC_clean,30283.6,0.86,6.47,8.24,2132.14,0.78,0.67,8.02e-06,23.75,0.35370999999999997,0.3041906
99,la4012839_si_002_auto,18685.6,0.87,6.75,13.37,2170.91,0.84,0.72,4.41e-06,19.58,0.41908999999999996,0.36460829999999994
100,LAGWUN_clean,38315.9,1.47,6.61,7.27,860.46,0.38,0.56,2.6e-06,17.88,0.01222,0.0179634
101,LENGAO_clean,53037.8,0.97,6.63,9.04,1892.88,0.69,0.67,5.65e-06,23.82,0.23974,0.2325478
102,LIJFUH_clean,40232.9,1.09,6.23,8.04,1638.97,0.58,0.63,3.05e-06,17.64,0.16679,0.1818011
103,LIQJEC_clean,31469.9,1.34,6.08,8.6,1167.07,0.48,0.64,1.32e-06,14.53,0.13868,0.1858312
104,LOXWEC_clean,24914.5,1.27,6.48,7.26,725.99,0.39,0.49,4.49e-06,26.53,0.01551,0.0196977
105,LUNBIF_clean,35150.0,1.87,6.62,8.37,1209.88,0.39,0.72,8.22e-07,17.3,0.17269,0.32293030000000006
106,MAKFIQ_clean,32228.6,1.28,6.93,8.57,1085.89,0.45,0.58,2.51e-06,16.04,0.17956,0.2298368
107,MAKFOW_clean,31538.4,1.32,6.8,8.33,1035.64,0.43,0.57,5.34e-06,24.08,0.17976,0.23728320000000003
108,MAKGAJ_clean,31880.0,1.32,6.9,8.5,1048.42,0.43,0.57,3.86e-06,21.05,0.17563,0.23183160000000003
109,MIFQOJ_clean,29167.0,1.07,6.4,7.15,794.48,0.49,0.53,5.13e-06,26.25,0.0475,0.050825
110,MUDTAH_clean,19675.1,0.56,6.63,18.89,3692.54,1.41,0.79,6.68e-06,21.11,0.76655,0.42926800000000004
111,MULXOI_stripped,61579.1,0.84,6.68,8.01,2411.4,0.83,0.7,4.79e-06,17.3,0.20927,0.1757868
112,MUNPAN_clean,15252.8,0.85,6.43,7.43,2071.02,0.76,0.65,6.88e-06,21.3,0.34136,0.29015599999999997
113,NACYAU_clean,36394.5,0.59,6.44,9.59,4142.48,1.28,0.75,5.6e-06,18.53,0.46261,0.2729399
114,NIMXIS_clean,42351.9,1.05,6.01,10.64,1684.5,0.63,0.66,3.59e-06,20.56,0.25012,0.262626
115,NIWYOJ_clean,43845.9,1.13,6.2,7.57,1464.19,0.57,0.64,4.14e-06,19.43,0.06548999999999999,0.07400369999999998
116,NODKUN_clean,43582.1,0.76,6.8,8.12,2849.61,0.91,0.7,6.11e-06,17.32,0.20556,0.1562256
117,NUBBAP_clean,68338.7,0.76,6.66,14.05,2906.78,1.01,0.77,3.48e-06,15.52,0.46702999999999995,0.35494279999999995
118,NUGRIR_clean,13630.8,1.28,6.4,8.7,1339.87,0.5,0.64,3.63e-06,23.42,0.25938,0.3320064
119,NUGROX_clean,14038.3,1.24,6.31,7.91,1424.39,0.52,0.65,2.89e-06,19.57,0.22602,0.2802648
120,ODIVUU_clean,29126.0,1.01,6.85,8.59,1553.29,0.63,0.64,5.56e-06,22.03,0.26383,0.2664683
121,OPOZEZ_clean,28327.0,1.13,6.03,7.29,898.03,0.47,0.53,4.37e-06,21.48,0.11992,0.13550959999999998
122,PATWOY_clean,37450.7,0.91,6.69,7.81,1488.71,0.65,0.59,6.94e-06,23.03,0.15058000000000002,0.13702780000000003
123,PEPFAT_clean,25546.0,1.0,6.86,10.92,2046.66,0.69,0.69,3.75e-06,16.54,0.16457,0.16457
124,PEPLEC_clean,23837.7,1.03,6.81,7.23,1410.45,0.6,0.62,6.8e-06,23.09,0.04004,0.0412412
125,PEPLIG_clean,35111.0,1.05,6.39,6.77,1354.71,0.58,0.61,6.85e-06,24.54,0.01337,0.0140385
126,PORVID_clean,33522.4,1.41,6.83,7.37,962.26,0.41,0.57,2.54e-06,18.29,0.01045,0.014734499999999998
127,PURJIW_clean,33120.5,0.89,6.17,8.03,1881.96,0.72,0.64,5.29e-06,19.19,0.18289,0.1627721
128,PUWDIU_clean,60900.9,1.09,6.96,8.23,1624.16,0.59,0.65,3.1e-06,16.46,0.0654,0.071286
129,PUZLAZ_clean,23024.2,1.05,6.33,6.71,1893.65,0.62,0.65,5.64e-06,20.86,0.07462,0.078351
130,QATHOK_clean,28412.4,1.22,6.49,9.33,894.57,0.45,0.55,6.45e-06,23.26,0.1254,0.152988
131,QOQWOK_clean,37576.8,0.96,6.59,8.39,1370.2,0.59,0.57,4.26e-06,20.3,0.28134,0.27008639999999995
132,QOQWOK01_clean,38456.4,0.94,6.73,8.64,1415.15,0.62,0.58,4.28e-06,20.29,0.29848,0.2805712
133,RAZYIC_clean,26295.7,1.41,6.21,7.88,1027.1,0.43,0.6,3.05e-06,18.09,0.15147,0.21357269999999998
134,REGREC_clean,40559.0,0.9,6.48,7.79,2512.04,0.79,0.71,3.84e-06,16.62,0.17423,0.156807
135,REGRIG_clean,29898.4,0.81,6.63,9.22,2618.6,0.91,0.74,4.48e-06,15.79,0.34101,0.2762181
136,REXDOP_clean,33291.4,1.26,6.24,10.4,1249.56,0.52,0.66,2.5e-06,21.23,0.12904,0.1625904
137,REXFAD_clean,31654.2,1.33,6.69,8.38,1189.67,0.48,0.64,1.4e-06,15.27,0.09425,0.1253525
138,REXFOR_clean,31119.6,1.35,6.22,8.56,1152.76,0.47,0.64,1.8e-06,17.74,0.12897,0.1741095
139,REXFUX_clean,31019.8,1.36,6.18,8.11,1136.04,0.47,0.63,1.69e-06,17.89,0.10772,0.1464992
140,REYJEM_clean,49794.2,0.81,6.27,10.02,2204.06,0.87,0.71,6.17e-06,17.57,0.28808,0.23334480000000002
141,RIFDUG01_clean,37388.0,0.87,6.83,13.01,2174.22,0.84,0.73,2.87e-06,14.14,0.33049,0.2875263
142,RIPKIM_clean,25790.7,1.29,6.65,7.17,636.47,0.37,0.48,4.3e-06,23.46,0.01482,0.0191178
143,RIPKIM01_clean,26437.9,1.26,6.65,7.23,670.62,0.39,0.5,7.07e-06,27.92,0.01482,0.0186732
144,RIPKOS_stripped,26490.3,1.25,6.58,7.17,667.28,0.4,0.5,3.67e-06,22.52,0.01482,0.018525
145,SAMVEK_clean,40405.2,0.98,6.98,7.84,1482.64,0.63,0.62,8.19e-06,26.1,0.13673,0.1339954
146,SARNOQ_clean,19311.8,1.11,6.17,9.28,1430.21,0.58,0.65,1.57e-06,14.49,0.17642,0.1958262
147,SIVGUB_clean,49770.0,0.68,6.47,8.31,3443.5,1.1,0.75,3.89e-06,14.8,0.45516,0.30950880000000003
148,SIZPUN_clean,18528.6,0.69,6.71,19.23,2915.97,1.09,0.76,4.28e-06,14.3,0.5364099999999999,0.3701228999999999
149,SOKKUZ_clean,22821.6,1.06,6.33,6.7,1853.79,0.62,0.65,4.23e-06,17.15,0.11791,0.1249846
150,SOMFAC_clean,23059.1,1.05,6.34,6.71,1930.4,0.62,0.65,4.97e-06,19.4,0.0588,0.06174
151,SOMFEG_clean,22915.6,1.06,6.34,6.72,1871.18,0.62,0.65,5.8e-06,21.52,0.11503000000000001,0.12193180000000002
152,SOMFIK_clean,23462.4,1.03,6.36,6.73,2000.35,0.64,0.66,5.24e-06,19.28,0.14858000000000002,0.15303740000000002
153,SOPLAM_clean,27384.9,0.79,6.43,7.99,2582.09,0.86,0.67,4.53e-06,17.91,0.16266,0.12850140000000002
154,SOPLOA_clean,34943.4,0.79,6.85,8.3,2284.51,0.84,0.66,5.04e-06,17.09,0.22066999999999998,0.1743293
155,SUBMIN_clean,26637.1,0.83,6.15,9.98,1739.37,0.76,0.63,4.82e-06,19.63,0.13265000000000002,0.1100995
156,SUHMEP_clean,19819.6,1.26,6.75,8.36,1190.65,0.48,0.6,7.21e-06,27.89,0.1584,0.199584
157,TAFTOM_clean,76920.2,1.47,6.64,8.07,1090.97,0.41,0.61,2.45e-06,19.41,0.07934000000000001,0.1166298
158,TAFTUS_clean,80926.1,1.4,6.78,8.5,1206.33,0.45,0.63,2.45e-06,18.64,0.11406999999999999,0.15969799999999998
159,TAFVAA_clean,81053.2,1.4,6.74,8.54,1216.95,0.45,0.63,2.2e-06,17.69,0.07452,0.104328
160,TATPOV_clean,84445.3,0.93,6.4,8.95,1948.48,0.72,0.68,6.46e-06,18.41,0.22341999999999998,0.20778059999999998
161,TETZEZ_clean,100663.0,0.74,6.73,10.62,2435.3,0.94,0.69,3.64e-06,14.6,0.32886000000000004,0.24335640000000003
162,TEYHIP_charged,60688.1,0.87,6.12,7.18,1946.78,0.73,0.63,3.56e-06,15.57,0.16541,0.1439067
163,TIDLEZ_clean,31929.8,1.04,6.91,7.06,1791.52,0.65,0.68,5.12e-06,18.97,0.066,0.06864
164,TIXMET_clean,23291.0,1.43,6.84,7.39,1042.67,0.46,0.66,2.15e-06,18.61,0.12284,0.1756612
165,UDOVUG_charged,72360.2,1.17,6.24,6.85,1335.23,0.53,0.61,6.89e-06,21.61,0.04657,0.0544869
166,ULOKAJ_clean,32215.5,1.3,6.35,8.77,1218.25,0.49,0.64,1.51e-06,15.52,0.14068,0.18288400000000002
167,ULOLIS_clean,31623.0,1.33,6.11,8.55,1193.15,0.48,0.64,1.84e-06,17.75,0.15438,0.2053254
168,ULOMAL_clean,32087.0,1.31,6.43,8.86,1197.86,0.49,0.64,1.6e-06,16.71,0.1661,0.217591
169,UMEKEE_clean,31665.2,0.75,6.1,8.31,3204.29,0.97,0.73,3.85e-06,16.86,0.30479,0.2285925
170,UNAGOH_clean,22123.2,0.98,6.03,6.96,1679.39,0.67,0.66,3.57e-06,16.88,0.02223,0.0217854
171,UNAGUN_clean,22154.4,0.98,6.05,6.99,1688.26,0.67,0.66,6.59e-06,23.78,0.00392,0.0038415999999999997
172,UNECOH_clean,59709.6,1.09,6.98,8.19,1586.8,0.58,0.63,2.8e-06,15.18,0.03022,0.032939800000000005
173,UWUQEJ_clean,36737.2,0.87,6.25,7.29,2220.11,0.75,0.65,5.11e-06,19.28,0.01797,0.0156339
174,UZUNAF_clean,25077.1,1.27,6.58,7.3,733.36,0.4,0.5,3.42e-06,21.42,0.012410000000000001,0.015760700000000002
175,UZUNAF01_clean,25009.3,1.27,6.54,7.28,727.91,0.4,0.5,4.2e-06,24.28,0.02948,0.037439599999999996
176,UZUNEJ_stripped,25100.2,1.26,6.59,7.3,726.36,0.4,0.5,4.4e-06,24.06,0.01551,0.0195426
177,VACFOV_clean_h,28461.3,0.93,6.8,7.04,2128.41,0.71,0.66,6.36e-06,20.55,0.23067,0.2145231
178,VAMQUY_stripped,63434.4,1.39,6.03,8.11,834.43,0.4,0.55,3.2e-06,20.27,0.048479999999999995,0.0673872
179,VANHEA_clean,38778.9,0.85,6.0,8.56,2401.24,0.76,0.65,4.37e-06,16.88,0.19991,0.1699235
180,VEHJID01_clean,35188.6,0.77,6.69,8.78,3137.5,1.01,0.77,6.92e-06,20.5,0.5249299999999999,0.40419609999999995
181,VEHJOJ_clean,69659.9,0.75,6.86,14.1,2938.42,1.04,0.78,4.22e-06,16.44,0.42386,0.31789500000000004
182,VEHJUP_clean,70092.5,0.74,6.83,14.28,2957.13,1.04,0.77,2.96e-06,14.13,0.46217,0.3420058
183,VEJHEZ_clean,39837.2,0.69,6.22,15.06,3076.21,1.13,0.77,6.82e-06,20.63,0.53732,0.3707508
184,VEMMAC_clean,28210.9,0.88,6.1,7.1,2120.77,0.78,0.69,4.78e-06,18.13,0.1404,0.123552
185,VIZTIJ_clean,32010.0,1.31,6.35,8.73,1223.88,0.49,0.64,1.41e-06,14.29,0.15193,0.19902830000000002
186,VOLPET_clean,32565.2,0.74,6.25,9.3,3184.97,1.02,0.76,6.47e-06,20.59,0.37925,0.280645
187,VOSTUU_clean,41759.5,0.82,6.78,8.31,1513.83,0.74,0.6,4.98e-06,21.66,0.12969,0.10634579999999999
188,VOYBOC_stripped,27099.8,1.01,6.93,7.55,1475.47,0.62,0.62,5.63e-06,21.44,0.07196999999999999,0.0726897
189,WAHNEB_clean,76634.6,0.5,6.8,15.96,4202.72,1.56,0.77,3.45e-06,11.29,0.52834,0.26417
190,WAQDOJ_charged,39875.7,0.69,6.19,9.97,2797.19,0.98,0.68,4.38e-06,16.46,0.29568,0.20401919999999998
191,WAQFIG_clean,37464.8,0.67,6.43,8.55,4007.16,1.14,0.76,7.19e-06,18.01,0.35289,0.2364363
192,WEHHEY_clean,25424.0,0.82,6.7,10.71,2363.04,0.87,0.71,4.42e-06,18.66,0.28291000000000005,0.23198620000000003
193,WEHHIC_clean,25645.8,0.81,6.79,10.9,2322.9,0.89,0.72,4.22e-06,16.99,0.31667,0.25650270000000003
194,WEHHOI_clean,25535.3,0.82,6.73,10.71,2387.0,0.87,0.71,5.44e-06,19.71,0.38325,0.31426499999999996
195,WEHHUO_clean,25774.9,0.81,6.69,10.86,2411.37,0.89,0.72,3.97e-06,16.11,0.28482,0.23070420000000003
196,WEHJAW_clean,68333.9,0.81,6.87,11.37,2380.29,0.88,0.72,3.49e-06,14.7,0.28364999999999996,0.22975649999999997
197,WEHJIE_clean,35706.1,0.81,6.33,11.04,2584.59,0.89,0.72,4.69e-06,16.32,0.27309,0.2212029
198,WIRKOZ_clean,102500.0,0.74,6.84,17.39,2085.82,0.91,0.68,5.84e-06,22.85,0.33207,0.24573179999999997
199,WISVEB_clean,37125.1,0.83,6.86,8.95,2784.51,0.91,0.75,8.85e-06,18.97,0.47702999999999995,0.3959348999999999
200,WORKOF_clean,52516.4,0.93,6.01,9.81,1944.79,0.72,0.67,4.2e-06,17.26,0.13483,0.1253919
201,WUSSEK_clean,60865.2,0.95,6.12,8.49,1497.47,0.62,0.59,5.9e-06,19.05,0.22018000000000001,0.209171
202,WUYXAR_clean,31046.5,0.7,6.17,9.35,2715.88,0.99,0.69,6.07e-06,18.76,0.36428,0.254996
203,WUZGAB_clean,30364.4,0.74,6.06,9.39,2508.96,0.91,0.67,6.68e-06,19.76,0.36172000000000004,0.26767280000000004
204,WUZGEF01_stripped,29863.8,0.82,6.22,9.04,2243.41,0.82,0.67,7.05e-06,19.99,0.33475,0.274495
205,XASPEP_clean,59886.4,1.11,6.97,8.23,1550.21,0.58,0.64,2.99e-06,15.72,0.061450000000000005,0.0682095
206,XATZUQ_clean,36971.3,0.89,6.44,7.57,1710.65,0.71,0.63,5.76e-06,20.05,0.26447000000000004,0.23537830000000004
207,XENCAU_clean,83846.8,0.56,6.9,8.29,3990.5,1.32,0.74,8.34e-06,22.83,0.30992000000000003,0.17355520000000002
208,XEXLIX_clean,22783.1,1.24,6.65,7.05,845.43,0.42,0.52,3.12e-06,20.12,0.06968,0.08640320000000001
209,XEXLOD_clean,48037.1,1.18,6.83,7.19,1022.25,0.46,0.54,2.56e-06,17.52,0.12723,0.1501314
210,XIGHAX_clean,32790.5,1.28,6.03,9.43,1262.5,0.51,0.65,2.46e-06,22.24,0.14354,0.1837312
211,XIGHEB_clean,33260.7,1.26,6.04,9.46,1277.07,0.51,0.65,2.13e-06,19.72,0.18463,0.23263379999999997
212,XIGHIF_clean,32048.5,1.31,6.4,9.12,1207.04,0.49,0.65,1.85e-06,18.65,0.1485,0.19453499999999999
213,XILLIP_clean,72942.5,0.7,6.49,8.02,2841.85,1.0,0.7,5.48e-06,18.32,0.14690999999999999,0.10283699999999998
214,XUNVAF_clean,25358.6,0.88,6.52,7.15,1336.62,0.65,0.57,9.89e-06,21.73,0.14959,0.1316392
215,YAPLIM_clean,20795.8,0.96,6.78,8.75,1702.68,0.68,0.65,6.88e-06,26.75,0.28984,0.27824639999999995
216,YASLOW_clean,21301.2,0.83,6.04,11.27,2567.63,0.85,0.7,7.32e-06,20.02,0.30751,0.2552333
217,YOYRAH_stripped,29126.8,1.1,6.26,7.09,758.86,0.46,0.51,7.58e-06,22.6,0.0101,0.01111
218,YOYREL_clean,29694.0,1.05,6.33,7.29,830.79,0.51,0.54,3.39e-06,19.39,0.03203,0.0336315
219,YUBTIA_clean,52963.8,0.59,6.21,8.83,3848.1,1.27,0.75,3.47e-06,14.65,0.51435,0.3034665
220,YUZPOA_clean,44252.6,0.6,6.66,20.09,3570.71,1.31,0.78,3.75e-06,13.09,0.49462,0.296772
221,ZEVXAB_clean,108983.0,0.73,6.46,8.32,2412.96,0.89,0.65,2.94e-06,16.14,0.19003,0.1387219
222,ZINDAD_clean,13748.4,0.78,6.74,16.39,2207.2,0.93,0.73,7.85e-06,23.58,0.44018999999999997,0.3433482
223,ABETIN_clean,20019.0,0.6,7.84,9.47,3644.97,1.23,0.73,5.77e-06,20.28,0.49437000000000003,0.296622
224,ACIBOE_stripped,60467.0,1.1,7.04,8.26,1597.21,0.59,0.65,3.91e-06,18.59,0.04379,0.048169000000000003
225,ALEJIM_clean,41943.7,0.59,7.11,18.21,3588.8,1.32,0.78,4.72e-06,14.83,0.62466,0.36854939999999997
226,AMUPIJ_clean,54301.6,1.04,7.02,7.92,1282.62,0.56,0.59,4.03e-06,20.0,0.10279,0.10690160000000001
227,ASINAT_clean,59888.2,0.73,7.73,9.77,2386.67,0.94,0.68,4.96e-06,19.03,0.31827999999999995,0.23234439999999995
228,ASINEX_clean,66008.0,0.66,7.27,12.54,2665.95,1.08,0.71,4.19e-06,17.57,0.45182,0.2982012
229,ATOWIQ_clean,17078.2,0.87,7.69,9.55,1868.34,0.79,0.68,9.13e-06,24.9,0.37935,0.3300345
230,AVIVAC_clean,72196.5,0.74,7.4,11.84,1998.52,0.96,0.71,6.88e-06,21.21,0.29641,0.2193434
231,AVIVEG_clean,72539.9,0.73,7.36,11.85,2017.36,0.97,0.71,5.73e-06,18.85,0.31231,0.22798629999999998
232,AVIVOQ_clean,74984.8,0.71,7.14,11.94,2186.56,1.01,0.72,4.83e-06,18.33,0.31481,0.22351509999999997
233,AWAGEL_clean,22357.8,0.99,7.29,8.55,1085.88,0.6,0.59,5.01e-06,22.41,0.19563999999999998,0.19368359999999998
234,BADYAJ_clean,34661.8,0.98,7.14,8.61,1873.87,0.66,0.65,4.66e-06,21.16,0.19219999999999998,0.18835599999999997
235,BAFHAU_clean,42180.2,0.86,7.37,9.03,2340.1,0.85,0.73,1.54e-06,15.66,0.12731,0.1094866
236,BEWWEH_clean,55222.2,0.71,7.89,9.02,3209.62,1.09,0.77,2.51e-06,14.55,0.46503,0.3301713
237,BIBXOB_clean,68413.9,0.41,7.99,19.7,4926.51,2.03,0.83,3.12e-06,12.34,1.17449,0.4815409
238,BOLZIN_clean,42668.1,0.47,7.76,18.71,4134.92,1.74,0.81,3.06e-06,12.46,1.0631400000000002,0.49967580000000006
239,BOWZUK_clean,22683.9,0.89,7.81,8.36,1269.76,0.68,0.61,5.28e-06,22.82,0.26227999999999996,0.23342919999999998
240,CAVPEW_manual,21144.3,0.4,7.78,20.26,4741.31,2.04,0.82,3.9e-06,13.26,1.27265,0.5090600000000001
241,CAVPIA_manual,20681.4,0.42,7.75,19.92,4648.85,1.97,0.82,4.81e-06,17.27,1.08737,0.4566954
242,CAVPUM_manual,21212.8,0.41,7.78,20.43,4684.38,2.02,0.82,6.47e-06,19.95,1.14058,0.46763779999999994
243,CAZNUO_charged,28195.4,0.69,7.67,10.28,2908.24,1.02,0.71,6.54e-06,20.41,0.3479,0.24005099999999996
244,CIWRAC_clean,34317.6,1.22,7.68,8.14,1271.56,0.54,0.66,2.65e-06,18.32,0.11505,0.14036099999999999
245,CIWREG_clean,34136.5,1.23,7.33,8.13,1276.77,0.54,0.66,3.33e-06,23.36,0.09995,0.12293849999999999
246,CIWRIK_clean,34137.1,1.23,7.42,8.18,1276.26,0.54,0.66,2.98e-06,20.95,0.13807,0.1698261
247,CIWROQ_clean,34730.5,1.21,7.67,8.22,1324.71,0.55,0.67,1.57e-06,12.45,0.15002000000000001,0.18152420000000002
248,CIWRUW_clean,34048.5,1.23,7.8,8.32,1259.43,0.54,0.66,2.28e-06,18.52,0.11716,0.1441068
249,CIWSAD_clean,34408.6,1.22,7.63,8.31,1281.36,0.55,0.67,1.87e-06,15.31,0.13941,0.17008020000000001
250,CIXBUH_clean,34262.7,1.23,7.52,8.16,1281.32,0.54,0.67,1.99e-06,15.81,0.10545,0.1297035
251,CIXCAO_clean,34859.0,1.21,7.8,8.41,1311.23,0.56,0.67,3.45e-06,22.52,0.10545,0.1275945
252,COTYIV_clean,63404.8,0.97,7.84,9.64,1842.98,0.71,0.68,8.33e-06,25.66,0.23238,0.2254086
253,DAMDUT_clean,35149.7,1.2,7.58,8.32,1387.69,0.56,0.67,3.82e-06,21.83,0.13977,0.167724
254,DEBWAK_clean,47475.7,1.05,7.07,9.52,978.45,0.53,0.56,3.19e-06,21.88,0.21492,0.225666
255,EDATOT_clean,59019.3,0.67,7.97,9.62,3399.07,1.18,0.79,2.6e-06,13.38,0.55937,0.37477790000000005
256,EDUSIF_clean,34475.1,0.59,7.92,15.07,3680.94,1.36,0.81,3.27e-06,16.31,0.67415,0.3977485
257,EJOGOZ_stripped,29316.3,1.09,7.68,8.56,990.09,0.51,0.56,2.34e-06,20.27,0.1451,0.15815900000000002
258,ERAHOV_clean,49498.0,0.94,7.46,8.73,2200.62,0.76,0.72,2.82e-06,14.31,0.36382,0.3419908
259,ETAXUT_clean,31549.6,0.72,7.94,12.89,2450.39,0.99,0.71,7.35e-06,20.48,0.4111,0.295992
260,EWUHOU_stripped,20346.4,0.49,7.96,15.23,4142.36,1.72,0.84,5.05e-06,16.76,1.04836,0.5136963999999999
261,EXEQII_SL,39378.7,1.03,7.11,7.25,1419.61,0.59,0.6,5.84e-06,21.13,0.04407,0.0453921
262,FAKMAH_clean,57058.1,0.76,7.68,8.52,2102.56,0.87,0.66,3.29e-06,17.99,0.28238,0.21460880000000002
263,FAPXIG_clean,32475.2,1.13,7.09,7.25,1232.99,0.53,0.59,5.69e-06,22.57,0.01305,0.0147465
264,FAQLUH_clean,33277.0,1.11,7.1,7.26,1285.23,0.53,0.59,3.24e-06,16.29,0.24694,0.2741034
265,FAYPOM_clean,52850.9,0.89,7.34,8.34,1846.86,0.73,0.65,3.24e-06,16.29,0.24694,0.2197766
266,FEHCIG_manual,31061.0,0.96,7.04,7.76,1521.4,0.66,0.63,9.92e-06,26.46,0.18894,0.1813824
267,FOSTUE_clean,71318.8,0.58,7.44,13.1,3520.31,1.3,0.76,4.89e-06,15.14,0.5022,0.291276
268,FUBDAI_clean,34184.4,1.23,7.42,8.14,1294.97,0.54,0.67,1.67e-06,13.35,0.11426,0.1405398
269,FUBDEM_clean,35288.3,1.19,7.9,8.59,1382.8,0.57,0.68,1.83e-06,14.49,0.192,0.22848
270,FUBDIQ_clean,33714.3,1.25,7.23,8.12,1252.86,0.53,0.66,2.2e-06,18.05,0.14306,0.17882499999999998
271,GACYAN_stripped,32416.8,0.67,7.12,9.52,2994.54,1.07,0.72,4.27e-06,17.17,0.42302999999999996,0.2834301
272,GADMAA_clean,23008.1,1.5,7.0,8.3,597.25,0.38,0.57,9.09e-06,33.2,0.02845,0.042675
273,GAHWIX_clean,31703.4,0.59,7.18,10.08,4080.26,1.31,0.77,7.65e-06,19.06,0.47447,0.2799373
274,GAWMOJ_clean,27927.8,0.71,7.82,9.86,2740.32,1.02,0.72,4.22e-06,16.63,0.43393,0.3080903
275,GAZZIS_charged,29158.1,0.72,7.92,11.12,2465.73,0.96,0.69,4.86e-06,19.51,0.42158999999999996,0.30354479999999995
276,GAZZIS02_charged,29577.1,0.71,7.94,11.2,2505.23,0.98,0.69,7.18e-06,24.88,0.39923000000000003,0.2834533
277,GAZZIS03_charged,29676.3,0.71,7.96,11.22,2512.93,0.98,0.69,5.28e-06,17.1,0.44789999999999996,0.318009
278,GUKQUZ_clean,20751.8,0.59,7.26,16.94,3744.36,1.32,0.78,6.5e-06,16.62,0.6409900000000001,0.3781841
279,GULWAM_clean,56212.2,0.76,7.48,8.69,2626.32,0.92,0.7,9.25e-06,27.16,0.28737,0.21840120000000002
280,GULWEQ_clean,71963.8,0.73,7.52,15.98,2332.51,1.03,0.76,3.77e-06,18.57,0.4462,0.32572599999999996
281,GUNFAW01_neutral,29734.0,0.66,7.34,9.61,3468.1,1.19,0.79,4.85e-06,19.35,0.75678,0.49947480000000005
282,GUPDEB_clean,14186.0,0.95,7.65,20.69,1547.87,0.75,0.71,6.03e-06,23.63,0.36957,0.3510915
283,GURPIT_clean,55223.7,0.71,7.73,9.17,3238.69,1.09,0.78,3.79e-06,17.62,0.50303,0.35715129999999995
284,GUVKUE_clean,34267.2,1.23,7.49,8.22,1297.63,0.54,0.67,1.85e-06,15.2,0.17652,0.2171196
285,GUVLAL_clean,34716.4,1.21,7.97,8.46,1325.95,0.55,0.67,2.46e-06,17.95,0.18585,0.22487849999999998
286,GUVZEE_clean,26190.3,1.41,7.69,8.87,924.42,0.39,0.55,2.43e-06,20.85,0.19786,0.27898259999999997
287,HAQRID_clean,51449.2,1.01,7.37,8.36,1617.66,0.64,0.65,3.88e-06,16.29,0.11591,0.1170691
288,HEHCOO_clean,77234.6,0.87,7.85,9.67,2082.12,0.76,0.66,8.12e-06,21.82,0.23107,0.20103089999999998
289,HIFTOG01_clean,35011.8,0.58,7.94,15.08,3731.99,1.38,0.81,5.4e-06,16.49,0.71292,0.41349359999999996
290,HIFTOG03_stripped,17102.3,0.59,7.91,14.99,3656.59,1.38,0.82,3.63e-06,17.37,0.82189,0.4849151
291,HIHNUJ_stripped,43239.0,0.81,7.97,8.14,2739.06,0.88,0.72,5.5e-06,19.47,0.24012999999999998,0.1945053
292,HOZBUV_clean,36254.5,1.47,7.6,7.92,686.22,0.36,0.53,4.76e-06,25.32,0.10158,0.1493226
293,HUFHIB_clean,27773.3,0.9,7.46,9.9,1957.15,0.77,0.69,6.54e-06,21.52,0.21184,0.190656
294,HUFHOH_clean,21156.5,0.79,7.85,11.38,2380.54,0.93,0.73,7.28e-06,24.63,0.32365,0.2556835
295,HUFJAV_clean,19775.7,0.85,7.21,10.83,2142.77,0.84,0.71,9.78e-06,25.73,0.26615,0.2262275
296,HUQGOR_clean,59856.1,0.7,7.23,10.27,2455.09,0.99,0.7,4.08e-06,15.43,0.37625,0.26337499999999997
297,HUQHAE_clean,59951.5,0.7,7.64,10.11,2499.59,0.98,0.68,4.46e-06,17.17,0.37647,0.263529
298,HUQHEI_clean,59567.1,0.71,7.34,10.4,2433.99,0.97,0.69,3.82e-06,15.29,0.37916000000000005,0.26920360000000004
299,HUQHOS_clean,55028.0,0.75,7.14,9.74,2275.15,0.89,0.67,4.45e-06,17.12,0.33596,0.25196999999999997
300,HUQJAG_stripped,59108.8,0.76,7.63,10.17,2229.76,0.87,0.67,3.78e-06,15.9,0.29413,0.2235388
301,HUZXOR_clean,21126.5,0.67,7.95,11.43,2666.27,1.06,0.71,9.21e-06,24.57,0.41306,0.2767502
302,IBOTEY_clean,72409.1,0.98,7.2,8.08,1180.14,0.6,0.59,5.43e-06,23.14,0.0632,0.061936000000000005
303,ICAQIO_clean,21102.4,0.4,7.96,20.39,4692.7,2.04,0.82,6.44e-06,17.82,1.29579,0.518316
304,ICAQOU_clean,20824.1,0.41,7.91,20.3,4592.6,1.99,0.82,6.94e-06,19.35,1.31629,0.5396789
305,ICAWUF_clean,82330.9,1.03,7.71,8.09,1197.65,0.56,0.58,3.24e-06,19.46,0.04052,0.041735600000000005
306,IDIWOH_stripped,30682.9,1.0,7.19,7.68,1537.28,0.63,0.63,4.39e-06,20.22,0.031129999999999998,0.031129999999999998
307,IDIWOH01_stripped,30704.3,1.0,7.21,7.68,1540.83,0.63,0.63,5.52e-06,21.31,0.01925,0.01925
308,IDIWOH03_stripped,31097.5,0.99,7.14,7.64,1544.1,0.64,0.63,2.97e-06,16.45,0.03209,0.0317691
309,IDIWOH04_stripped,31144.4,0.99,7.1,7.61,1543.61,0.64,0.63,4.26e-06,20.47,0.02976,0.029462400000000003
310,IDIWOH05_stripped,31094.0,0.99,7.09,7.61,1548.84,0.64,0.63,5.61e-06,22.09,0.02247,0.0222453
311,IFEQIV_SL,44420.6,1.33,7.9,8.23,463.56,0.34,0.45,2.16e-06,22.56,0.09527,0.1267091
312,IGITOJ_clean,95126.9,2.04,7.72,9.87,627.5,0.31,0.62,9.98e-07,17.4,0.07061,0.14404440000000002
313,IQECIS_clean,107542.0,0.72,7.21,8.13,2939.89,0.99,0.71,3.34e-06,13.81,0.15966,0.1149552
314,IVETOT_clean,26982.0,0.68,7.16,10.1,2403.28,0.99,0.67,7.52e-06,25.52,0.45004,0.3060272
315,IYOWID_manual,21337.8,0.41,7.75,20.52,4679.37,2.03,0.82,6.28e-06,18.14,1.1456099999999998,0.4697000999999999
316,IYUHUG_ion_b,71096.7,0.89,7.02,9.16,2000.26,0.76,0.68,9.66e-06,26.86,0.19706,0.17538340000000002
317,j.inoche.2015.03.054_clean,48956.1,0.7,7.86,12.7,3087.2,1.1,0.78,8.87e-06,28.44,0.48366000000000003,0.33856200000000003
318,JENKIX_SL,42596.0,1.01,7.49,9.92,1097.67,0.56,0.56,3.18e-06,18.96,0.18275,0.1845775
319,JUMCOL_clean,31065.1,0.99,7.41,7.85,1645.87,0.64,0.63,6.86e-06,23.04,0.0162,0.016038
320,KARLUM_clean,92421.5,0.64,7.49,12.53,3095.49,1.15,0.74,2.32e-06,10.17,0.4265,0.27296
321,KAVNIH_clean,42344.9,1.04,7.72,8.44,942.58,0.5,0.52,9.99e-06,26.81,0.15677000000000002,0.1630408
322,KEFBEE_clean,27148.4,0.71,7.04,11.08,3115.88,1.07,0.75,5.76e-06,23.62,0.55938,0.39715979999999995
323,KOHKIC_clean,25130.7,0.88,7.15,9.62,1689.97,0.73,0.65,4.81e-06,20.84,0.268,0.23584000000000002
324,KOHKOI_clean,25160.2,0.88,7.04,9.75,1661.65,0.72,0.64,4.5e-06,21.04,0.28406,0.2499728
325,KOMDAT_clean,57889.5,1.0,7.41,8.28,1077.06,0.56,0.56,6.8e-06,25.58,0.12778,0.12778
326,KUJNEJ_clean,92421.5,0.64,7.61,12.52,3120.44,1.16,0.74,2.72e-06,12.73,0.43282,0.2770048
327,KULMEK_clean,59548.6,0.66,7.45,13.21,3071.73,1.15,0.76,3.63e-06,16.75,0.42645,0.281457
328,LAKFIN_clean,34995.1,1.2,7.72,8.39,1341.08,0.56,0.67,2e-06,15.89,0.12965000000000002,0.15558000000000002
329,LATYOX_clean,54043.9,0.9,7.67,8.44,1528.37,0.67,0.61,3.27e-06,18.44,0.22087,0.19878300000000002
330,LAWFOF_clean,138799.0,0.59,7.96,15.1,3689.41,1.37,0.81,1.77e-06,8.36,0.56497,0.33333229999999997
331,LAWFUL_clean,138702.0,0.59,7.96,15.1,3681.86,1.37,0.81,1.8e-06,8.76,0.57512,0.3393208
332,LAWGAS_clean,138702.0,0.59,7.94,15.1,3683.08,1.37,0.81,2.46e-06,12.98,0.55775,0.3290725
333,LAWGEW_clean,34571.4,0.59,7.94,15.07,3690.12,1.37,0.81,2.26e-06,11.49,0.6508200000000001,0.38398380000000004
334,LAWGIA_clean,34635.6,0.59,7.94,15.09,3694.47,1.37,0.81,2.69e-06,14.46,0.6946599999999999,0.4098493999999999
335,LAWGOG_clean,34703.8,0.59,7.94,15.09,3698.42,1.37,0.81,2.19e-06,11.2,0.7531100000000001,0.44433490000000003
336,LAWGUM_clean,34740.2,0.59,7.93,15.1,3701.4,1.37,0.81,2.54e-06,13.56,0.62922,0.3712398
337,LOMFIC_stripped,35835.2,1.56,7.59,8.71,318.69,0.27,0.42,2.17e-06,28.02,0.0598,0.093288
338,LUBNAZ_clean,30911.7,1.05,7.03,8.27,1717.66,0.61,0.64,3.02e-06,16.26,0.19132,0.200886
339,LURMAO_clean,27709.3,1.0,7.15,7.69,1595.55,0.64,0.64,3.41e-06,17.46,0.071,0.071
340,MAHCIK_clean,37929.0,0.54,7.81,18.78,3976.31,1.5,0.81,4.26e-06,16.55,0.89195,0.48165300000000005
341,MASMIC_clean,25299.5,0.58,7.54,9.31,4347.49,1.31,0.76,6.55e-06,18.09,0.5967899999999999,0.34613819999999995
342,MEJMOE_clean,132760.0,0.62,7.21,13.36,3485.71,1.3,0.8,1.86e-06,9.5,0.5451699999999999,0.33800539999999996
343,MIBMER_clean,67307.3,0.71,7.78,8.81,2987.88,0.99,0.71,9.92e-06,24.67,0.33188999999999996,0.23564189999999996
344,MIBQAR_stripped,138861.0,0.59,7.96,15.11,3694.89,1.37,0.81,1.97e-06,10.4,0.6002799999999999,0.35416519999999996
345,MIBQAR01_stripped,138710.0,0.59,7.96,15.1,3696.57,1.37,0.81,1.85e-06,9.04,0.60775,0.35857249999999996
346,MIBQAR02_stripped,138591.0,0.59,7.97,15.09,3693.53,1.37,0.81,1.96e-06,9.91,0.63647,0.37551729999999994
347,MIBQAR03_stripped,138418.0,0.59,7.96,15.09,3687.83,1.37,0.81,1.81e-06,8.73,0.6027,0.355593
348,MIBQAR04_stripped,138355.0,0.59,7.97,15.08,3687.38,1.37,0.81,1.87e-06,9.23,0.5845,0.34485499999999997
349,MIBQAR05_stripped,138193.0,0.59,7.97,15.06,3684.68,1.37,0.81,1.99e-06,10.53,0.59527,0.35120929999999995
350,MIBQAR06_stripped,138107.0,0.59,7.97,15.06,3683.64,1.37,0.81,1.85e-06,9.06,0.56196,0.3315564
351,MIBQAR07_stripped,137999.0,0.59,7.97,15.06,3681.93,1.36,0.81,2.11e-06,11.18,0.55503,0.3274677
352,MIBQAR08_stripped,137905.0,0.59,7.97,15.06,3680.05,1.36,0.81,1.94e-06,9.75,0.57788,0.34094919999999995
353,MIBQAR09_stripped,137783.0,0.59,7.96,15.04,3678.03,1.36,0.81,1.85e-06,8.79,0.60358,0.3561122
354,MIBQAR10_stripped,137650.0,0.59,7.97,15.04,3673.82,1.36,0.81,1.89e-06,9.28,0.5965900000000001,0.3519881
355,MIBQAR11_stripped,137554.0,0.59,7.97,15.03,3673.44,1.36,0.81,2.15e-06,11.54,0.5522400000000001,0.32582160000000004
356,MIBQAR12_stripped,137436.0,0.6,7.97,15.02,3669.77,1.36,0.81,1.95e-06,9.81,0.5791799999999999,0.34750799999999993
357,MIBQAR13_stripped,137363.0,0.6,7.97,15.03,3671.6,1.36,0.81,1.89e-06,9.38,0.58735,0.35241
358,MIBQAR14_stripped,137219.0,0.6,7.97,15.02,3666.05,1.36,0.81,1.98e-06,10.21,0.55884,0.335304
359,MIBQAR15_stripped,137187.0,0.6,7.97,15.01,3666.14,1.36,0.81,2.35e-06,12.11,0.60037,0.360222
360,MIBQAR17_stripped,136957.0,0.6,7.98,15.01,3660.31,1.35,0.81,1.89e-06,9.17,0.6156,0.36936
361,MIBQAR18_stripped,136873.0,0.6,7.98,15.01,3658.33,1.35,0.81,2.15e-06,10.91,0.5671799999999999,0.34030799999999994
362,MIBQAR19_stripped,136670.0,0.6,7.98,15.0,3647.48,1.35,0.81,2.1e-06,11.27,0.58856,0.35313599999999995
363,MIBQAR20_stripped,136678.0,0.6,7.97,15.0,3651.81,1.35,0.81,2.04e-06,10.48,0.5632699999999999,0.33796199999999993
364,MUSSIE_clean,29934.6,1.23,7.39,8.74,532.45,0.46,0.56,6.2e-06,21.47,0.09344,0.1149312
365,MUVLUM_clean,30814.0,1.09,7.67,8.4,1227.06,0.55,0.6,7.65e-06,23.11,0.21928,0.2390152
366,NAYZUK_SL,55071.6,1.34,7.6,9.5,660.41,0.42,0.56,9.26e-06,24.54,0.13021000000000002,0.17448140000000004
367,NIRZAQ_clean,34376.7,0.6,7.98,15.04,3649.27,1.36,0.81,2.36e-06,11.92,0.72484,0.434904
368,NIWYAV_clean,30532.3,1.09,7.12,8.37,1676.45,0.6,0.65,3.45e-06,16.77,0.1092,0.11902800000000001
369,NIZZAY_clean,34708.1,1.21,7.79,8.4,1338.84,0.55,0.67,2.51e-06,19.37,0.13440000000000002,0.16262400000000002
370,NIZZEC_clean,34810.7,1.21,7.63,8.32,1332.6,0.56,0.67,3.18e-06,22.76,0.17574,0.2126454
371,NIZZIG_clean,35101.8,1.2,7.69,8.39,1391.22,0.56,0.68,2.81e-06,18.81,0.13018000000000002,0.15621600000000002
372,NIZZOM_clean,35589.6,1.18,7.77,8.53,1426.19,0.57,0.68,2.26e-06,17.07,0.17298,0.20411639999999998
373,NODTEH_stripped,133516.0,0.6,7.79,14.86,3619.26,1.34,0.81,1.67e-06,9.06,0.63397,0.380382
374,NODTIL_stripped,132952.0,0.61,7.99,14.79,3552.0,1.34,0.81,2.35e-06,12.56,0.61681,0.3762541
375,NODTOR_stripped,135288.0,0.6,7.85,14.91,3653.44,1.36,0.81,1.72e-06,9.44,0.60645,0.36387
376,NUFCAU_clean,47151.4,0.85,7.34,9.94,2384.13,0.87,0.74,4.8e-06,16.0,0.41364999999999996,0.3516025
377,OBAHAD_stripped,28430.2,0.94,7.73,8.94,1492.46,0.64,0.61,3.5e-06,17.26,0.17993,0.16913419999999998
378,OBAHIL_clean,27570.6,0.97,7.38,8.44,1404.76,0.61,0.6,3.98e-06,19.24,0.18359999999999999,0.17809199999999997
379,OBAHOR_clean,27315.7,0.98,7.1,8.05,1417.37,0.6,0.59,6.05e-06,22.67,0.14387,0.1409926
380,OBAHUX_clean,27937.2,0.96,7.49,8.31,1438.83,0.62,0.6,5.68e-06,21.89,0.20197,0.1938912
381,OBAJAF_clean,28555.3,0.94,7.74,9.09,1512.14,0.65,0.61,6.43e-06,20.07,0.22032,0.20710079999999997
382,OBOGUK_clean,35529.2,0.77,7.83,8.65,3005.98,0.96,0.74,6.02e-06,19.09,0.44044,0.3391388
383,ODIMAQ_clean,23734.2,1.44,7.27,8.52,651.84,0.4,0.58,9.96e-06,33.49,0.042409999999999996,0.06107039999999999
384,ODIXEG_clean,69211.3,0.55,7.47,10.36,4117.99,1.42,0.79,3.05e-06,10.89,0.7032,0.38676000000000005
385,ODODUI_clean,57071.1,0.62,7.64,11.0,3401.04,1.24,0.77,3.9e-06,13.74,0.56628,0.3510936
386,ONEYOW_clean,32851.4,0.79,7.89,8.71,2173.79,0.83,0.66,6.86e-06,20.38,0.30344,0.2397176
387,ORUKET_clean,34500.6,0.76,7.76,11.73,2266.88,0.88,0.67,6.59e-06,21.2,0.26268,0.19963680000000003
388,OSIKIL_clean,34590.7,1.22,7.63,8.14,1292.66,0.55,0.67,2.06e-06,16.19,0.10452,0.1275144
389,PEDRIA_clean,138704.0,0.59,7.93,15.09,3650.52,1.37,0.81,1.82e-06,9.4,0.59985,0.3539115
390,PELQII_clean,70684.0,0.67,7.18,9.07,2911.07,1.05,0.71,4.05e-06,15.84,0.26558,0.1779386
391,PEMREG_clean,65597.7,0.75,7.47,9.07,2586.39,0.93,0.7,3.89e-06,14.75,0.32609,0.2445675
392,PEVQIS_clean_h,135069.0,0.61,7.78,14.9,3564.36,1.32,0.8,1.9e-06,9.25,0.53001,0.3233061
393,PEVQOY_clean_h,133323.0,0.61,7.88,14.8,3570.57,1.31,0.81,1.99e-06,9.72,0.57952,0.3535072
394,PIQFIG_clean,56759.3,0.69,7.8,9.2,3303.71,1.13,0.78,2.79e-06,13.88,0.5758099999999999,0.3973088999999999
395,QEPZUH_charged,64282.7,0.59,7.3,10.56,3611.74,1.22,0.72,6.68e-06,15.67,0.24086000000000002,0.1421074
396,QUDGED_clean,27199.6,0.6,7.38,9.12,3771.0,1.29,0.78,6.59e-06,18.65,0.62683,0.376098
397,QUQWUW_clean,30562.2,0.97,7.19,9.1,1679.87,0.68,0.66,4.42e-06,19.21,0.28386,0.2753442
398,QUSBIP_clean,60307.1,0.57,7.41,10.67,4160.24,1.38,0.78,3.99e-06,14.25,0.58838,0.33537659999999997
399,QUTYOU_clean,65377.1,0.63,7.93,15.55,3398.51,1.22,0.77,3.6e-06,13.5,0.4387,0.276381
400,RAKCUC_clean,35196.9,1.19,7.89,8.58,1362.87,0.57,0.68,2.68e-06,19.2,0.15244,0.18140359999999997
401,RAKDAJ_clean,34883.6,1.21,7.89,8.46,1315.1,0.56,0.67,1.78e-06,13.77,0.20523,0.24832829999999997
402,RAKDEN_clean,34764.9,1.21,7.41,8.39,1311.64,0.55,0.67,5.41e-06,20.41,0.17344,0.2098624
403,RAYKEJ_stripped,48512.6,1.03,7.36,9.59,1005.3,0.54,0.55,3.57e-06,20.26,0.22581,0.23258430000000002
404,RAYKIN_clean,48062.2,1.03,7.12,9.49,969.78,0.53,0.55,3.22e-06,20.09,0.21689,0.2233967
405,REGXOS_stripped,24465.3,0.92,7.12,19.51,1519.9,0.72,0.66,5.42e-06,21.41,0.23947,0.2203124
406,REHHOD_clean,51884.6,0.98,7.3,9.5,1958.77,0.7,0.69,6.49e-06,22.29,0.23434,0.2296532
407,REXDIJ_clean,32697.1,1.29,7.1,8.91,1235.51,0.51,0.65,1.52e-06,16.43,0.18763,0.2420427
408,RIYBAE_clean,34408.3,1.22,7.5,8.18,1329.75,0.55,0.67,2.52e-06,19.48,0.15669,0.1911618
409,RIYBEI_clean,34908.3,1.2,7.81,8.31,1327.4,0.56,0.67,3.17e-06,21.1,0.14998,0.179976
410,RIYBIM_clean,33867.8,1.24,7.51,8.36,1329.09,0.53,0.66,3.35e-06,22.71,0.12888,0.1598112
411,RIYBOS_clean,33954.3,1.24,7.51,8.27,1312.47,0.54,0.66,1.97e-06,15.44,0.15231,0.1888644
412,ROQVIE_clean,32684.6,0.9,7.33,8.2,1779.26,0.75,0.67,2.82e-06,16.06,0.30269,0.272421
413,RUGKEL_clean,106809.0,0.74,7.53,9.03,3175.25,1.04,0.77,3.1e-06,16.47,0.3211,0.237614
414,SACDOR_clean,33923.9,1.24,7.64,8.11,1260.78,0.54,0.66,5.51e-06,26.19,0.10447,0.12954279999999999
415,SACDUX_clean,34251.2,1.23,7.59,8.21,1289.91,0.55,0.67,2.74e-06,19.5,0.124,0.15252
416,SADMUH_SL,25491.0,0.99,7.35,7.87,1554.96,0.64,0.64,4.6e-06,23.51,0.05619,0.0556281
417,SAHYIK_stripped,16913.2,0.6,7.84,14.95,3581.25,1.33,0.81,3.21e-06,15.13,0.70339,0.42203399999999996
418,SAHYOQ_stripped,138749.0,0.59,7.97,15.1,3684.8,1.37,0.81,1.91e-06,9.66,0.61739,0.3642601
419,SAHYOQ02_stripped,138895.0,0.59,7.95,15.11,3700.68,1.37,0.81,2.01e-06,10.69,0.6002799999999999,0.35416519999999996
420,SAHYOQ03_stripped,138285.0,0.59,7.95,15.08,3646.11,1.36,0.81,2e-06,11.14,0.56908,0.3357572
421,SAHYOQ04_stripped,138796.0,0.59,7.95,15.09,3665.47,1.37,0.81,1.91e-06,10.53,0.61463,0.3626317
422,SAHYOQ05_stripped,138796.0,0.59,7.92,15.11,3694.64,1.37,0.81,2.03e-06,10.66,0.6001000000000001,0.354059
423,SETQUF_SL,28427.5,1.0,7.23,7.76,1515.05,0.63,0.63,4.56e-06,23.19,0.048670000000000005,0.048670000000000005
424,SETRAM_clean,25310.6,0.99,7.61,8.06,1610.28,0.64,0.64,4.75e-06,20.09,0.07734999999999999,0.07657649999999999
425,SOHMIM_clean,34017.5,1.24,7.42,8.14,1276.15,0.54,0.66,1.77e-06,14.04,0.10543000000000001,0.13073320000000002
426,SOHMUY_clean,34537.2,1.22,7.56,8.21,1326.47,0.55,0.67,2.66e-06,19.37,0.19538999999999998,0.23837579999999997
427,SOHNEJ_clean,35484.5,1.18,7.97,8.72,1370.61,0.57,0.68,2.03e-06,16.5,0.16218000000000002,0.1913724
428,SOHNIN_clean,34663.6,1.21,7.92,8.46,1324.96,0.55,0.67,2.33e-06,17.8,0.1519,0.183799
429,SOMCON_clean,34165.0,1.23,7.39,8.11,1290.82,0.54,0.67,2.01e-06,15.99,0.07815000000000001,0.09612450000000002
430,SOPLEQ_clean,30988.9,0.73,7.51,8.79,2755.87,0.95,0.7,5.71e-06,20.14,0.31351999999999997,0.22886959999999998
431,SUWQEI_clean,54928.3,0.82,7.58,9.47,1596.39,0.78,0.64,3.33e-06,18.53,0.23853,0.19559459999999998
432,TAKTOR_clean,31989.2,1.18,7.0,7.06,1177.55,0.5,0.59,6.9e-06,20.49,0.01248,0.014726399999999999
433,TAMHUM_clean,20309.5,0.82,7.26,11.16,2229.13,0.87,0.72,9.65e-06,26.36,0.29420999999999997,0.24125219999999997
434,TAYHEJ_stripped,58030.2,1.01,7.84,9.83,817.98,0.5,0.51,8.82e-06,26.92,0.0536,0.054136000000000004
435,TAYHIN_stripped,57027.5,1.03,7.4,9.49,770.5,0.49,0.51,6.88e-06,22.75,0.07574,0.0780122
436,TAYHUZ_stripped,57051.8,1.03,7.81,9.8,791.13,0.49,0.5,5.46e-06,21.44,0.09462000000000001,0.0974586
437,TEDGOA_stripped,26496.5,0.69,7.77,8.49,3289.07,1.09,0.75,3.27e-06,15.53,0.44444,0.3066636
438,TOJLOT_clean,48555.2,0.79,7.47,9.35,1959.73,0.84,0.66,2.83e-06,16.11,0.15449000000000002,0.12204710000000002
439,UBIBUF_clean,76536.2,0.76,7.63,11.65,2879.89,0.97,0.74,3.02e-06,13.96,0.3822,0.290472
440,UBULUA_clean,34384.1,1.22,7.56,8.26,1330.3,0.54,0.67,1.7e-06,13.82,0.14059,0.1715198
441,UCOHUR_clean,34472.2,1.22,7.23,8.17,1320.26,0.55,0.67,2.31e-06,18.35,0.10252,0.1250744
442,UCOJAZ_clean,33713.5,1.25,7.35,8.09,1254.66,0.53,0.66,1.73e-06,14.14,0.13091,0.1636375
443,UCOJED_clean,34242.4,1.23,7.49,8.0,1277.98,0.54,0.66,2.3e-06,17.98,0.11722,0.1441806
444,UCOJIH_clean,34433.0,1.22,7.11,8.12,1320.56,0.55,0.67,2.21e-06,16.88,0.14661000000000002,0.17886420000000003
445,UNECUN_clean,60498.6,1.18,7.01,8.22,1459.88,0.55,0.65,4.04e-06,18.28,0.07623,0.0899514
446,URENEM_clean,24867.2,0.75,7.85,8.54,2517.05,0.97,0.72,4.26e-06,17.53,0.39712000000000003,0.29784
447,UZAROE_clean,24465.3,0.92,7.16,19.55,1529.36,0.72,0.66,5.11e-06,20.3,0.30943,0.2846756
448,VAZTOG_clean,34675.9,0.59,7.94,15.1,3649.35,1.37,0.81,2.52e-06,13.83,0.7257,0.42816299999999996
449,VAZTUM_clean,138285.0,0.59,7.94,15.08,3649.1,1.36,0.81,1.7e-06,8.18,0.5649,0.33329099999999995
450,VEJHID_clean,91380.4,0.65,7.88,17.67,3191.61,1.23,0.79,4.05e-06,13.34,0.60726,0.39471900000000004
451,VIZSUU_clean,47406.1,0.75,7.42,10.03,2831.29,0.98,0.73,2.82e-06,16.11,0.39431,0.2957325
452,VUKRUQ_clean,34518.5,0.85,7.41,8.26,1869.27,0.76,0.65,3.65e-06,16.19,0.36266000000000004,0.308261
453,VUSKAW_clean,34397.6,0.59,7.97,14.99,3655.18,1.36,0.81,2.73e-06,14.2,0.62241,0.3672219
454,WAHNOL_clean,76097.8,0.5,7.17,16.16,3978.57,1.55,0.77,4.09e-06,13.83,0.55071,0.275355
455,WAJDUJ_clean,76344.8,0.5,7.04,16.13,4037.85,1.55,0.77,3.49e-06,11.46,0.51897,0.259485
456,WAQTEQ_clean,63018.5,0.79,7.0,11.94,2477.05,0.93,0.74,3.1e-06,15.26,0.35102999999999995,0.2773137
457,WIDQEG_clean,24259.9,1.01,7.12,7.6,1489.57,0.62,0.63,5.18e-06,21.43,0.020059999999999998,0.020260599999999997
458,WIRMOB_clean,70886.0,0.92,7.08,8.1,1118.59,0.64,0.59,6.06e-06,18.51,0.06733,0.0619436
459,WITFIQ_stripped,35367.8,1.04,7.15,7.78,974.66,0.54,0.56,3.04e-06,17.58,0.14719,0.15307759999999998
460,WOMFIO_charged,21450.6,1.27,7.45,7.57,888.62,0.44,0.55,8.13e-06,28.99,0.054439999999999995,0.0691388
461,WOZWEP_clean,59005.0,1.56,7.16,9.14,497.13,0.31,0.48,4.47e-06,23.94,0.09273999999999999,0.14467439999999998
462,XAMHEA_manual,40612.0,0.73,7.4,9.06,2753.22,0.98,0.72,4.14e-06,19.14,0.19891999999999999,0.1452116
463,XAPCOH_clean,34282.9,1.23,7.45,8.14,1280.49,0.54,0.67,2.78e-06,19.72,0.11231999999999999,0.1381536
464,XAPCUN_clean,34757.1,1.21,7.71,8.24,1321.96,0.56,0.67,3.15e-06,22.96,0.11977,0.1449217
465,XAPDAU_clean,34694.9,1.21,7.6,8.2,1310.25,0.55,0.67,1.6e-06,12.66,0.13874,0.1678754
466,XAPDEY_clean,35036.8,1.2,7.85,8.44,1338.47,0.56,0.67,2.35e-06,18.05,0.15966,0.19159199999999998
467,XARCEB_stripped,39022.5,1.32,7.66,7.94,778.68,0.38,0.5,7.43e-06,27.86,0.06497,0.0857604
468,XEXLET_clean,60934.8,1.24,7.4,8.02,1021.63,0.45,0.56,2.29e-06,18.42,0.13143000000000002,0.1629732
469,XOJPIW_charged,61255.8,1.11,7.92,8.63,761.17,0.52,0.58,2.9e-06,18.56,0.10889,0.12086790000000001
470,XOTSIK_clean,39684.1,0.96,7.37,8.84,1557.7,0.64,0.62,9.86e-06,20.09,0.13072999999999999,0.12550079999999997
471,XUMMOJ_clean,57475.4,1.08,7.86,8.38,995.6,0.5,0.54,2.41e-06,17.51,0.18631,0.20121480000000003
472,XUMMUP_clean,57943.8,1.01,7.42,8.43,1042.48,0.54,0.55,2.94e-06,20.89,0.1512,0.15271200000000001
473,XUPGOG_clean,33579.8,0.61,7.89,14.89,3533.81,1.32,0.8,2.93e-06,15.28,0.68499,0.4178439
474,YIXYUB_clean,51248.7,1.65,7.37,8.0,518.95,0.28,0.47,2e-06,20.89,0.026,0.042899999999999994
475,YIXZAI_stripped,50872.9,1.66,7.27,7.93,504.41,0.28,0.46,1.23e-06,16.72,0.03486,0.0578676
476,YIXZEM_clean,54347.0,1.55,7.62,8.11,554.04,0.31,0.48,1.6e-06,19.28,0.10041,0.1556355
477,YOCDUR_clean,85787.2,0.66,7.2,9.69,3373.43,1.15,0.76,5.63e-06,16.29,0.40978,0.2704548
478,YODJEI_stripped,28378.2,0.78,7.68,12.08,2667.03,0.98,0.76,4.34e-06,21.78,0.45736,0.3567408
479,YOTHEW_clean,68960.1,0.71,7.61,12.68,2510.1,1.02,0.73,2.8e-06,13.35,0.40164999999999995,0.28517149999999997
480,YOYZUJ_clean,24059.0,0.78,7.18,17.07,2074.03,0.89,0.69,3.97e-06,17.83,0.30466000000000004,0.23763480000000003
481,YUNXAI_clean,89746.5,0.82,7.11,9.14,2189.02,0.82,0.67,5.9e-06,21.16,0.06684999999999999,0.05481699999999999
482,ZARLIP_clean,62044.2,0.81,7.67,9.1,2160.12,0.83,0.67,3.89e-06,18.04,0.21556999999999998,0.1746117
483,acs.jpcc.6b08594_Zn2Cd6MOF5_opt_clean,57759.1,0.63,8.11,14.71,3330.73,1.3,0.82,1.69e-06,9.84,0.68379,0.4307877
484,AMUWIP_charged,66346.2,0.77,8.79,9.99,3019.88,0.92,0.71,5.25e-06,22.21,0.22186,0.17083220000000002
485,AWEVIJ_clean,62107.6,0.75,8.66,10.62,1939.43,0.86,0.64,5.88e-06,21.7,0.26404,0.19802999999999998
486,BEPNIV_stripped,32597.6,1.11,8.04,8.14,706.35,0.49,0.55,4.27e-06,23.37,0.13340000000000002,0.14807400000000004
487,BEWVOQ_clean,27472.8,0.72,8.29,10.24,3241.3,1.08,0.78,2.74e-06,13.76,0.5296900000000001,0.38137680000000007
488,BIMDOR_stripped,47160.0,1.62,8.36,9.55,538.11,0.31,0.5,1.58e-06,16.71,0.05817,0.09423540000000001
489,BINCUY_manual,88109.2,0.58,8.63,13.31,3563.4,1.24,0.73,3.08e-06,13.57,0.34673000000000004,0.20110340000000002
490,BINDAF_manual,85637.8,0.6,8.5,13.14,3440.1,1.2,0.72,2.95e-06,13.21,0.39526,0.23715599999999998
491,BUVYIB_clean,42600.0,0.7,8.56,10.89,2629.78,0.99,0.7,4.13e-06,15.49,0.25485,0.178395
492,BUVYIB01_clean,43789.9,0.68,8.63,10.83,2931.89,1.03,0.7,4.19e-06,16.2,0.25918,0.17624240000000002
493,cm303749m_si_001_clean,45225.1,0.56,8.79,11.63,3896.75,1.37,0.76,3.23e-06,12.83,0.48563999999999996,0.2719584
494,COXHED_clean,29514.5,0.69,8.38,8.71,3293.05,1.14,0.79,1.5e-06,10.4,0.67173,0.4634937
495,COXHIH_clean,28711.6,0.71,8.25,8.57,3207.76,1.11,0.79,2.52e-06,16.42,0.6043200000000001,0.42906720000000004
496,COXHON_clean,30291.4,0.66,8.47,8.8,3428.99,1.2,0.79,2.41e-06,15.53,0.73514,0.4851924
497,CUBBEI_stripped,56001.9,0.66,8.35,11.32,2901.59,1.12,0.74,2.85e-06,12.92,0.44142000000000003,0.2913372
498,DIDDOK_clean,41705.7,0.53,8.17,9.6,4658.6,1.49,0.78,4.03e-06,13.05,0.5614600000000001,0.29757380000000005
499,DUKYIT_stripped,40275.2,0.85,8.6,9.87,1722.26,0.73,0.63,4.29e-06,16.56,0.37377999999999995,0.31771299999999997
500,EFAYIU_clean,25656.8,0.43,8.64,11.57,5151.75,1.88,0.82,4.14e-06,14.26,1.0626,0.456918
501,EGATEM_clean,72417.0,0.85,8.69,10.25,1545.68,0.76,0.64,6.43e-06,19.28,0.24678,0.209763
502,EGEJIK_manual,38969.0,0.68,8.7,10.26,2904.81,1.09,0.74,3.94e-06,16.21,0.35283,0.2399244
503,EGIFUV_clean,18947.7,1.05,8.52,9.75,1184.94,0.58,0.61,3.08e-06,22.05,0.19891999999999999,0.208866
504,EPONAA_clean,46338.9,0.5,8.73,9.18,5302.21,1.72,0.85,4.08e-06,15.43,0.95209,0.476045
505,EPONEE_clean,46561.7,0.49,8.74,9.19,5327.84,1.72,0.85,3.42e-06,13.36,0.91262,0.44718379999999996
506,EWUHIO_auto,20257.1,0.41,8.79,13.53,5086.68,2.06,0.84,4.12e-06,14.85,1.2871,0.5277109999999999
507,EXERUW_clean,49807.6,0.47,8.06,15.68,4888.23,1.68,0.8,2.95e-06,10.77,0.84738,0.3982686
508,FAKLIO_clean,19107.8,0.75,8.41,9.35,1991.19,0.88,0.67,5.39e-06,18.06,0.49954000000000004,0.374655
509,FAKLOU_clean,42681.1,0.88,8.03,9.13,1703.42,0.75,0.66,1.87e-06,13.29,0.35422000000000003,0.31171360000000004
510,FAKLUA_clean,40679.1,0.82,8.03,9.02,1817.91,0.8,0.65,2.88e-06,16.83,0.36238,0.29715159999999996
511,FANWOI_stripped,45704.9,1.0,8.59,9.82,1129.23,0.59,0.59,3.23e-06,17.67,0.17099,0.17099
512,FUNCAT_clean,39481.5,0.93,8.78,9.49,1413.67,0.66,0.62,6.62e-06,26.29,0.22531,0.2095383
513,GACQAE_clean,45132.0,0.87,8.26,8.57,2115.93,0.78,0.68,6.62e-06,20.44,0.24994,0.2174478
514,GAQYIH_clean,29306.4,0.56,8.97,20.26,3739.76,1.52,0.85,2.91e-06,16.35,0.7149500000000001,0.40037200000000006
515,GASROK_stripped,34137.8,1.15,8.65,8.79,716.72,0.44,0.51,1.47e-06,18.83,0.1529,0.175835
516,GAXKOH_clean,43330.2,0.96,8.86,9.79,1660.01,0.64,0.61,5.34e-06,20.16,0.18947,0.1818912
517,GAZZIS04_charged,29990.6,0.7,8.03,11.31,2508.89,1.0,0.7,4.19e-06,17.28,0.48334,0.33833799999999997
518,GAZZIS05_charged,30279.2,0.69,8.06,11.59,2524.85,1.01,0.7,4.28e-06,17.51,0.47792,0.32976479999999997
519,GUPCAW_clean,69285.0,0.81,8.63,13.65,2168.96,0.9,0.74,1.67e-06,12.02,0.38950999999999997,0.3155031
520,GURPUF_clean,56599.4,0.7,8.41,9.47,3276.17,1.12,0.78,2.46e-06,13.57,0.57005,0.3990349999999999
521,HAHPIQ_charged,59310.4,1.59,8.62,9.54,350.59,0.28,0.45,5.36e-07,19.75,0.07820999999999999,0.12435389999999999
522,HAHPOW_clean,59128.5,1.47,8.47,9.62,389.29,0.34,0.5,1.68e-06,22.06,0.07934999999999999,0.11664449999999998
523,HOFJIX_clean,33184.2,1.06,8.57,9.76,1159.9,0.56,0.59,2.34e-06,18.66,0.22341999999999998,0.23682519999999999
524,HUFHUN_clean,21447.5,0.78,8.17,11.46,2521.4,0.95,0.74,6.67e-06,21.32,0.35305000000000003,0.27537900000000004
525,HUQHIM_clean,59807.0,0.71,8.71,10.23,2388.95,0.97,0.69,5.09e-06,18.41,0.43142,0.30630820000000003
526,HUYKUH_clean,93595.5,0.8,8.71,11.75,1655.93,0.81,0.65,2.76e-06,19.01,0.28992,0.23193600000000003
527,ICIVEW_clean,38514.5,1.69,8.97,9.81,792.47,0.37,0.62,6.2e-06,25.15,0.11973,0.2023437
528,IFEPUG_SL,21786.9,1.35,8.2,8.51,441.64,0.33,0.44,1.02e-06,14.32,0.08356999999999999,0.11281949999999999
529,IFEQAN_SL,21785.6,1.35,8.17,8.47,437.37,0.33,0.45,2e-06,20.75,0.117,0.15795
530,IYUCIQ_clean,37207.7,0.92,8.62,9.97,1970.07,0.73,0.67,3.75e-06,21.02,0.25953,0.2387676
531,ja3082523_si_004_clean,79399.4,0.5,8.37,15.27,4212.68,1.56,0.77,3.31e-06,13.18,0.64976,0.32488
532,JEJWEB_stripped,56342.2,0.54,8.58,11.27,4045.67,1.46,0.8,3.9e-06,14.62,0.65767,0.3551418
533,JOJKUQ_clean,29566.7,0.61,8.76,18.63,2956.62,1.31,0.8,2.99e-06,13.09,0.73265,0.4469165
534,JOZWIG02_auto,130077.0,0.4,8.58,21.34,4640.09,2.04,0.82,2.22e-06,9.17,1.04585,0.41834
535,KADLOT_clean,35429.6,0.98,8.54,9.0,1048.48,0.69,0.67,2.99e-06,17.02,0.24396,0.2390808
536,KEFBOO_clean,26593.9,0.72,8.05,11.99,3006.35,1.04,0.75,3.26e-06,13.73,0.47004,0.3384288
537,KUXREC_clean,24915.4,0.72,8.3,9.09,3029.31,1.02,0.73,9.44e-06,24.24,0.44081,0.3173832
538,LEVPAF_clean,33886.0,0.81,8.1,9.99,1990.62,0.83,0.67,9.39e-06,24.02,0.22928,0.18571680000000002
539,LOXBEH_clean,25922.5,1.01,8.26,11.67,1379.47,0.63,0.63,9.12e-06,24.79,0.26333999999999996,0.26597339999999997
540,MIDSUP_clean,37975.0,0.69,8.88,10.08,2498.59,1.02,0.7,4.12e-06,19.13,0.48466000000000004,0.3344154
541,NUFTOY_charged,33390.6,0.98,8.37,9.33,696.28,0.61,0.6,7.48e-06,19.92,0.12012,0.1177176
542,OKOSUE_clean,56546.5,0.94,8.05,8.85,2048.11,0.73,0.69,7.26e-06,22.85,0.1993,0.18734199999999998
543,OLEYAH_clean,57987.0,1.34,8.65,9.34,1099.88,0.47,0.63,3.24e-06,19.81,0.24090999999999999,0.3228194
544,OLOPUC_clean,57862.7,1.61,8.57,9.28,878.51,0.38,0.62,3.2e-06,17.52,0.18787,0.30247070000000004
545,OVEDEA_stripped,43189.0,0.77,8.18,11.99,2549.67,0.96,0.74,3.2e-06,17.32,0.48489,0.3733653
546,PENNAZ_clean,52982.4,0.96,8.0,8.96,1991.53,0.73,0.7,4e-06,16.14,0.26892,0.2581632
547,PUFQIS_clean,26144.6,0.81,8.71,9.64,2531.81,0.88,0.71,7.51e-06,22.8,0.22359,0.18110790000000002
548,PUGSER_clean,22474.7,0.8,8.83,9.41,2834.56,0.91,0.73,7.37e-06,18.57,0.26677,0.21341600000000002
549,PUGSIV_clean,22515.9,0.82,8.65,9.71,2641.45,0.88,0.72,4.14e-06,17.43,0.25971,0.2129622
550,PUGSOB_clean,22511.0,0.86,8.87,9.51,2293.38,0.81,0.7,6.21e-06,19.5,0.19797,0.1702542
551,PUGSUH_clean,23067.6,0.82,8.71,9.31,2629.78,0.87,0.71,4.66e-06,18.37,0.32744,0.2685008
552,PUGTAO_clean,23692.5,0.81,8.37,9.0,2648.66,0.89,0.72,4.78e-06,17.86,0.30763999999999997,0.2491884
553,PUWDOA_clean,112507.0,0.77,8.82,10.51,2209.91,0.9,0.69,7.46e-06,19.13,0.27,0.20790000000000003
554,PUZLUS_clean,25540.0,0.46,8.4,15.09,4994.32,1.73,0.8,4.25e-06,16.42,0.9193300000000001,0.42289180000000004
555,QIHXIQ_clean,39744.7,0.87,8.75,9.73,1907.78,0.76,0.66,2.88e-06,15.92,0.28581,0.2486547
556,QOSXAY_stripped,26361.2,1.42,8.89,9.11,836.92,0.39,0.55,7.71e-06,27.34,0.17909,0.2543078
557,QUPZAE01_stripped,36701.0,0.77,8.14,8.49,2195.17,0.88,0.68,3.07e-06,15.48,0.34697,0.2671669
558,QUQBAH_clean,19501.7,0.72,8.23,9.66,2289.32,0.97,0.7,4.5e-06,19.09,0.42123,0.3032856
559,REPCIZ_stripped,37633.3,0.97,8.08,8.97,1866.35,0.7,0.68,4.15e-06,17.91,0.26589999999999997,0.25792299999999996
560,ROZXEL_clean,40006.5,0.66,8.96,10.97,3233.26,1.15,0.76,3.63e-06,14.26,0.41935,0.276771
561,RUBBOH_clean,39840.0,0.67,8.82,10.87,3285.65,1.14,0.76,3.53e-06,14.09,0.40856,0.2737352
562,RUKDIM_stripped,27649.4,0.54,8.77,15.7,3714.86,1.47,0.8,5.16e-06,18.94,0.6888200000000001,0.3719628000000001
563,RUKDOS_stripped,27300.0,0.68,8.75,15.64,2971.0,1.17,0.79,4.33e-06,22.93,0.54132,0.3680976
564,SARSUC_stripped,39104.4,0.67,8.71,11.13,2697.05,1.08,0.72,2.92e-06,15.4,0.54108,0.3625236
565,SERCEZ_clean,37378.0,0.71,8.57,10.07,3083.48,1.06,0.75,4.21e-06,15.42,0.31633999999999995,0.22460139999999995
566,SOHGUS_clean,19612.1,0.72,8.18,9.7,2288.77,0.97,0.7,6.26e-06,22.73,0.47187,0.3397464
567,SOHMEI_clean,35208.5,1.19,8.02,8.65,1365.97,0.56,0.67,2.81e-06,19.99,0.15031,0.1788689
568,SOHNAF_clean,35745.8,1.18,8.24,8.77,1395.29,0.58,0.68,2.47e-06,18.1,0.1702,0.200836
569,TAQGEZ_clean,20633.3,0.93,8.26,8.39,1835.91,0.76,0.7,6.52e-06,19.04,0.32954,0.30647220000000003
570,TOVJIZ_clean,63975.1,0.45,8.29,12.65,4391.26,1.8,0.81,7.23e-06,19.47,0.94717,0.4262265
571,TOVJOF_clean,66035.7,0.47,8.37,12.42,4210.28,1.69,0.8,6.02e-06,17.47,0.77665,0.36502549999999995
572,TOVKEW_clean,47301.0,0.57,8.95,13.15,3490.59,1.31,0.74,7.07e-06,18.38,0.49769,0.28368329999999997
573,UMOKIS_clean,66610.9,0.84,8.24,10.47,1944.77,0.78,0.66,6.44e-06,19.81,0.25017,0.2101428
574,UVAHIK_stripped,34748.1,0.49,8.59,16.97,3976.29,1.64,0.81,4.25e-06,17.2,0.86454,0.42362459999999996
575,UWAFOO_stripped,34828.0,0.57,8.93,10.28,3353.42,1.36,0.77,3.12e-06,12.88,0.68524,0.39058679999999996
576,UWAFUU_stripped,34622.4,0.57,8.88,10.66,3316.04,1.35,0.77,3.83e-06,15.08,0.7402799999999999,0.42195959999999993
577,UWAGAB03_stripped,34147.8,0.58,8.54,11.63,3250.31,1.32,0.76,3.49e-06,14.24,0.65531,0.38007979999999997
578,UWALEL_clean,57067.7,0.98,8.07,8.57,1611.56,0.62,0.61,9.9e-06,27.63,0.11106999999999999,0.10884859999999999
579,VACFUB_clean_h,26128.6,1.18,8.34,8.51,813.82,0.44,0.52,4.76e-06,25.64,0.16363999999999998,0.19309519999999997
580,VACFUB01_clean,26098.1,1.18,8.37,8.53,829.94,0.46,0.55,2.51e-06,20.9,0.19161,0.2260998
581,VACKUI_clean,56432.7,0.71,8.33,9.56,2422.46,0.98,0.69,5.8e-06,21.72,0.3589,0.25481899999999996
582,VOLQOD_clean,43406.6,0.7,8.75,11.11,2544.5,1.04,0.73,4.02e-06,17.0,0.35923,0.251461
583,VUKROK_clean,37658.7,0.7,8.88,10.24,2593.73,1.03,0.71,3.65e-06,18.26,0.45461,0.318227
584,WASPAK_clean,27162.9,0.93,8.11,8.92,1358.74,0.65,0.61,3.05e-06,17.12,0.21034,0.19561620000000002
585,WEHJUQ_clean,32224.6,0.7,8.63,11.41,3177.54,1.1,0.77,3.68e-06,14.7,0.57078,0.39954599999999996
586,WUHCIN_auto,114862.0,0.46,8.47,17.75,4748.69,1.73,0.79,2.2e-06,9.45,0.69485,0.319631
587,XEXLAP_clean,61947.3,1.07,8.02,8.65,1180.61,0.53,0.56,2.17e-06,15.48,0.18156999999999998,0.19427989999999998
588,XEXLUJ_clean,50429.0,1.12,8.14,8.73,1117.89,0.51,0.57,3.02e-06,20.14,0.17236,0.19304320000000003
589,XEXMAQ_clean,50451.7,1.12,8.06,8.39,1125.03,0.51,0.57,3.02e-06,19.71,0.18988,0.2126656
590,XEXMEU_clean,53620.9,1.05,8.85,9.63,1211.17,0.56,0.59,8.62e-06,24.65,0.21625,0.2270625
591,XIYYEL_clean,29053.4,0.72,8.23,8.55,3156.32,1.09,0.79,1.32e-06,10.26,0.6337999999999999,0.4563359999999999
592,XUFWOM_clean,55444.9,0.81,8.19,9.13,2256.64,0.87,0.71,3.94e-06,16.69,0.36219,0.2933739
593,YINPEQ_clean,49721.8,0.67,8.24,9.47,3371.73,1.19,0.8,9.51e-06,23.99,0.62773,0.42057910000000004
594,YOZQAG_charged,44128.2,0.7,8.89,13.28,2589.17,1.08,0.75,3.6e-06,16.18,0.55859,0.391013
595,YUGZIK_clean,58358.6,0.45,8.94,11.91,4868.72,1.79,0.8,3.93e-06,14.08,0.92901,0.4180545
596,YURJUR_clean,43416.5,0.68,8.48,13.69,2841.99,1.1,0.75,3.82e-06,16.55,0.54444,0.3702192
597,ZASJAG_clean,22331.2,1.21,8.07,8.33,935.16,0.44,0.53,3.07e-06,20.86,0.10973999999999999,0.1327854
598,AKAYIV_stripped,27187.4,1.14,9.2,9.48,923.91,0.48,0.55,3.01e-06,19.58,0.23484,0.26771759999999994
599,AMILOY_clean,55327.2,1.01,9.18,11.03,1117.62,0.6,0.6,2.97e-06,16.91,0.1669,0.168569
600,AMIMAL_clean,56364.2,0.99,9.51,11.07,1140.45,0.61,0.61,3.16e-06,19.23,0.1785,0.17671499999999998
601,AWUPAL_clean,70547.1,0.35,9.24,18.42,4994.11,2.45,0.85,9.03e-06,21.24,1.5031700000000001,0.5261095
602,BADXUC_stripped,38544.0,0.89,9.31,10.59,1968.77,0.77,0.68,3.32e-06,19.24,0.29008,0.2581712
603,BAWROI_clean,27327.5,0.63,9.13,13.55,3029.6,1.23,0.78,3.74e-06,16.62,0.68011,0.4284693
604,BEPLUF_stripped,33145.0,1.04,9.74,9.84,975.5,0.56,0.59,1.67e-06,17.65,0.21336000000000002,0.22189440000000002
605,BEPMAM_stripped,32710.5,1.06,9.57,9.65,914.26,0.55,0.58,3.17e-06,23.9,0.17069,0.18093140000000002
606,BEPMIU_stripped,32777.1,1.02,9.94,10.04,1028.57,0.6,0.61,8.01e-06,24.8,0.22359,0.2280618
607,BEPNOB_stripped,32710.5,1.05,9.55,9.66,915.88,0.55,0.58,1.93e-06,20.87,0.18271,0.19184550000000003
608,BEPPOD_stripped,33803.7,1.12,9.5,9.62,800.79,0.48,0.54,2.9e-06,19.93,0.16912,0.1894144
609,BIFGOO_clean,33778.7,1.75,9.02,10.87,626.67,0.32,0.56,1.16e-06,17.91,0.10819,0.1893325
610,c5cc04223b_c5cc04223b2_clean,35512.2,0.52,9.67,12.3,4125.56,1.5,0.79,4.57e-06,16.99,0.7892,0.410384
611,CACKEZ_stripped,70305.2,0.66,9.89,11.25,2506.44,1.1,0.72,2.97e-06,13.62,0.43845999999999996,0.28938359999999996
612,COJHIT_clean,19664.7,0.72,9.36,10.09,2292.78,0.99,0.71,6.58e-06,24.48,0.48245,0.347364
613,COMFAM01_clean,22461.0,0.94,9.26,11.08,1244.14,0.65,0.62,4.33e-06,24.31,0.26072,0.24507679999999998
614,CURYOE01_clean,16654.0,1.02,9.17,11.02,1109.76,0.57,0.59,3.62e-06,19.17,0.24903,0.25401060000000003
615,DORLAZ_auto,34711.4,0.49,9.16,17.53,4067.25,1.63,0.8,2.56e-06,12.28,0.825,0.40425
616,ECAFOG_clean,27596.2,1.13,9.27,9.53,961.07,0.5,0.56,5.61e-06,25.27,0.2231,0.25210299999999997
617,EGATIQ_clean,75244.8,0.82,9.36,10.62,1660.88,0.81,0.66,6.31e-06,20.24,0.25012,0.2050984
618,ERIRIG_auto,35745.9,0.43,9.58,11.68,4741.78,1.95,0.83,2.14e-06,10.42,1.1148099999999999,0.4793682999999999
619,EXEXAH_clean,39682.4,0.87,9.08,9.58,1478.73,0.71,0.61,4.54e-06,22.78,0.30107999999999996,0.26193959999999994
620,FALBAX_manual,105435.0,0.45,9.49,16.15,4702.07,1.79,0.8,2.42e-06,9.09,0.8030499999999999,0.3613725
621,HABRAF_manual,36670.0,0.38,9.04,24.31,4862.48,2.21,0.85,6.39e-06,17.84,1.32171,0.5022498
622,HADLOQ01_clean,20287.7,0.7,9.59,10.04,2390.9,1.02,0.71,8.03e-06,21.51,0.5204500000000001,0.36431500000000006
623,HIYBUN_clean,77231.6,1.12,9.82,10.15,1272.54,0.58,0.65,2.7e-06,17.16,0.1819,0.20372800000000002
624,HUFKUQ_clean,35498.1,0.59,9.87,12.95,3688.7,1.3,0.77,4.12e-06,17.1,0.49707999999999997,0.29327719999999996
625,HUQHUY_clean,70013.8,0.62,9.08,12.12,2824.18,1.18,0.73,4.78e-06,17.13,0.47193999999999997,0.2926028
626,HUYKOB_clean,23897.1,0.81,9.13,12.12,1496.19,0.77,0.63,2.7e-06,18.44,0.35044,0.2838564
627,IBICED_clean,34382.2,1.23,9.94,10.07,780.18,0.46,0.56,6.32e-06,25.12,0.17528,0.2155944
628,ICODIP_stripped,46384.0,0.81,9.92,12.54,1832.33,0.84,0.69,5.25e-06,18.64,0.36263,0.2937303
629,IDIWUN_clean,64748.7,0.87,9.84,10.74,1790.03,0.77,0.68,5.48e-06,25.06,0.30260000000000004,0.26326200000000005
630,IDIXAU_clean,54345.3,0.97,9.09,9.42,1605.41,0.68,0.66,3.25e-06,18.15,0.30025999999999997,0.29125219999999996
631,IHABAW_clean,70795.5,0.55,9.32,11.6,4099.07,1.42,0.78,4.31e-06,14.25,0.5731499999999999,0.31523249999999997
632,ILITUT_manual,30939.4,0.49,9.85,12.63,4156.31,1.6,0.79,9.66e-06,22.66,0.8698400000000001,0.42622160000000003
633,JIZJAF_clean,37146.7,1.07,9.83,10.25,974.13,0.54,0.58,1.71e-06,16.14,0.18555000000000002,0.19853850000000003
634,JIZJEJ_clean,37230.5,1.07,9.92,10.35,974.39,0.54,0.58,2.64e-06,22.19,0.18555000000000002,0.19853850000000003
635,JIZJIN_stripped,37780.4,1.05,9.83,10.27,984.23,0.56,0.59,2.85e-06,20.25,0.18803,0.1974315
636,JIZJOT_clean,37256.8,1.07,9.66,10.26,973.54,0.54,0.57,1.81e-06,16.48,0.19297999999999998,0.2064886
637,JIZJUZ_clean,37097.4,1.07,9.87,10.31,965.3,0.53,0.57,3.92e-06,24.76,0.18555000000000002,0.19853850000000003
638,KADLUZ_clean,44550.5,0.88,9.75,14.28,1943.32,0.81,0.71,2.82e-06,14.54,0.19891,0.1750408
639,KOPHOO_stripped,55464.8,0.49,9.57,11.39,4409.33,1.66,0.82,6.12e-06,15.85,0.86956,0.4260844
640,LUVTAY_clean,75180.5,1.09,9.44,10.3,974.31,0.55,0.59,2.06e-06,16.13,0.18328,0.19977520000000001
641,MATXAJ_clean,29889.8,0.62,9.05,12.5,3152.81,1.24,0.77,6.47e-06,20.03,0.58941,0.3654342
642,MIDCAF_clean,66811.5,0.85,9.84,11.11,1801.62,0.78,0.67,1.78e-06,12.17,0.23888,0.203048
643,MIDSUP01_clean,38820.0,0.68,9.56,10.88,2536.97,1.05,0.71,3.37e-06,17.18,0.52143,0.3545724
644,MIMSOS_clean,56529.7,0.99,9.75,11.11,1161.52,0.62,0.61,2.61e-06,16.93,0.16175,0.1601325
645,NENHAQ_clean,68790.0,0.81,9.48,10.3,2169.27,0.9,0.73,3.09e-06,19.21,0.47232999999999997,0.3825873
646,NUDLAA_stripped,49017.2,1.02,9.9,10.11,1281.5,0.59,0.6,5.83e-06,21.7,0.13835,0.141117
647,ONUCIL_clean,96221.2,0.62,9.15,11.92,3400.16,1.24,0.77,7.52e-06,16.77,0.5614199999999999,0.34808039999999996
648,PEJNUP_clean,28167.0,0.77,9.14,9.74,2653.07,0.95,0.74,3.31e-06,14.26,0.35827,0.2758679
649,PIBPAS01_clean,67267.4,0.9,9.87,10.22,1750.78,0.71,0.65,3.87e-06,18.45,0.21048,0.18943200000000002
650,PUZMAZ_manual,105351.0,0.45,9.24,16.42,4735.03,1.79,0.8,9.02e-06,13.21,0.8869600000000001,0.39913200000000004
651,QAGQEW_clean,15064.6,0.96,9.14,16.48,1252.3,0.74,0.71,4.51e-06,17.36,0.42939,0.4122144
652,QULMIU_clean,32425.8,1.53,9.6,10.3,623.23,0.35,0.53,7.76e-06,29.86,0.14905000000000002,0.22804650000000004
653,QUPZIM01_stripped,39821.8,0.7,9.84,9.92,2185.22,0.99,0.7,2.42e-06,14.62,0.4809,0.33663
654,QUQBEL_stripped,39749.1,0.71,9.4,9.8,2369.26,0.99,0.7,2.87e-06,14.48,0.44215,0.3139265
655,RACHUA_clean,125299.0,0.76,9.27,10.96,2587.02,0.92,0.7,4e-06,15.86,0.24606999999999998,0.1870132
656,SARTAJ_stripped,38722.8,0.68,9.1,10.07,2786.12,1.07,0.72,4.25e-06,20.08,0.50345,0.342346
657,SARTEN_stripped,37821.3,0.69,9.5,10.27,2509.71,1.03,0.72,3.31e-06,17.02,0.54414,0.3754565999999999
658,SEGBIR_clean,37671.7,1.22,9.58,10.05,635.32,0.42,0.52,1.11e-06,17.56,0.13881,0.16934819999999998
659,SEGBOX_stripped,28250.3,1.22,9.54,10.03,630.09,0.42,0.52,1.17e-06,18.14,0.13666999999999999,0.16673739999999998
660,SOLMUD_clean,45205.1,0.55,9.5,11.25,3703.02,1.43,0.79,4.22e-06,13.82,0.73717,0.4054435
661,SUGDUV_auto,35908.8,0.49,9.01,11.89,4362.35,1.63,0.8,4.02e-06,17.74,0.75349,0.3692101
662,UWAGAB01_stripped,34034.3,0.58,9.02,10.81,3109.09,1.32,0.76,3.63e-06,16.31,0.69011,0.40026379999999995
663,UWAGAB02_stripped,34028.9,0.58,9.01,11.08,3105.25,1.32,0.77,4.73e-06,19.7,0.75017,0.43509859999999995
664,UWAGAB04_stripped,33971.3,0.58,8.99,11.07,3102.21,1.32,0.76,3.86e-06,16.6,0.7001499999999999,0.4060869999999999
665,VAGMIB01_stripped,58922.2,0.46,9.84,10.7,4676.52,1.73,0.8,3.65e-06,11.55,0.8023899999999999,0.36909939999999997
666,VEFMAW_charged,98701.4,0.81,9.53,14.37,1736.82,0.8,0.65,5.26e-06,16.94,0.18753,0.15189930000000001
667,VUKSAX_clean,39450.6,0.66,9.43,10.79,2648.18,1.09,0.72,3.03e-06,15.37,0.53895,0.35570700000000005
668,XALDAS_clean,81516.7,0.65,9.04,11.14,3301.2,1.17,0.76,3.19e-06,12.94,0.40520999999999996,0.26338649999999997
669,XALTIP_clean,59553.4,0.55,9.17,18.7,3264.2,1.47,0.81,7.79e-06,17.6,0.8865700000000001,0.4876135000000001
670,YARGAB_clean,27776.7,0.96,9.67,10.7,1318.67,0.65,0.62,4.6e-06,20.86,0.29147,0.2798112
671,YOGKOW_clean,20432.8,0.93,9.42,10.83,1454.57,0.7,0.65,3.82e-06,18.37,0.29145,0.2710485
672,YUZPEQ_clean,66220.0,0.47,9.23,21.5,4377.6,1.76,0.82,4.03e-06,12.34,0.96327,0.45273689999999994
673,ABEXEN_clean,62072.1,0.67,13.72,18.81,2357.09,1.12,0.75,3.49e-06,15.18,0.47157,0.3159519
674,ADATAC_clean,45807.9,0.34,10.28,26.34,5128.83,2.57,0.87,4.16e-06,12.78,1.67628,0.5699352000000001
675,ADATEG_stripped,322885.0,0.27,13.79,26.34,5649.94,3.25,0.88,3.54e-06,7.85,1.65724,0.44745480000000004
676,ADUROI_stripped,371231.0,0.4,17.11,25.67,3162.49,2.08,0.84,2.54e-06,9.05,1.16398,0.465592
677,ALULEZ_clean,31651.2,0.43,13.38,18.76,3439.8,1.96,0.83,4.21e-06,18.34,1.21955,0.5244065
678,AMILUE_clean,56740.7,0.98,11.07,11.39,1149.65,0.62,0.61,2.37e-06,15.91,0.18996000000000002,0.18616080000000002
679,AMIMEP_clean,56532.6,0.99,10.87,11.22,1125.39,0.62,0.61,2.61e-06,16.51,0.18556,0.1837044
680,AWEJIW_clean,46999.4,1.19,10.5,10.88,948.92,0.49,0.59,2.62e-06,16.47,0.13168000000000002,0.1566992
681,BAPDAA_clean,18128.3,1.38,11.55,12.36,1087.78,0.5,0.68,3.23e-06,18.29,0.23602,0.3257076
682,BEPMEQ_stripped,33062.7,1.01,10.1,10.21,1050.02,0.6,0.61,5.38e-06,20.61,0.22065,0.2228565
683,BEPNUH_stripped,33281.4,1.17,10.21,10.31,895.39,0.52,0.61,2.31e-06,19.83,0.19043000000000002,0.2228031
684,BINRUN_clean,35495.5,0.51,10.09,21.1,3627.34,1.53,0.78,4.28e-06,13.67,0.73211,0.37337610000000004
685,BOHWUS_auto ,43156.8,0.8,14.49,19.46,1613.68,0.97,0.78,3.89e-06,18.99,0.56062,0.448496
686,BUSPIP_clean,92100.5,0.63,11.16,27.8,2097.33,1.2,0.75,5.19e-06,16.47,0.71445,0.45010350000000005
687,cm303749m_si_002_clean,33443.8,0.52,10.67,11.94,4011.56,1.51,0.78,3.06e-06,12.51,0.58787,0.30569240000000003
688,COKNAT_clean,19769.2,1.23,10.76,11.6,1238.79,0.54,0.66,3.15e-06,18.86,0.27596,0.3394308
689,COKPUP_clean,78788.7,1.23,10.82,11.58,1228.78,0.54,0.66,1.75e-06,12.68,0.25214,0.31013219999999997
690,COKQOK_clean,79172.1,1.23,10.88,11.69,1230.62,0.54,0.66,2.08e-06,14.97,0.25356,0.3118788
691,CUSYAR_clean,144401.0,0.25,12.18,28.01,5739.57,3.65,0.9,3.42e-06,8.15,2.3513800000000002,0.5878450000000001
692,DAJWET_clean,29660.2,0.28,26.59,28.06,4948.23,3.06,0.87,7.73e-06,17.92,1.93282,0.5411896
693,DOKDEN_clean,58228.2,0.71,13.44,15.14,2344.28,1.0,0.71,3.92e-06,16.99,0.32464,0.2304944
694,ECAHAT_clean,50562.6,0.85,11.49,12.33,1153.9,0.72,0.62,5.4e-06,18.57,0.21564,0.18329399999999998
695,ECAHUN_stripped,50568.3,0.85,11.34,12.33,1166.3,0.72,0.61,7.22e-06,19.34,0.21203999999999998,0.18023399999999998
696,ECOKAJ_clean,25664.5,0.33,17.58,19.0,3575.86,2.68,0.87,6.89e-06,17.2,1.97024,0.6501792000000001
697,EDUVOO_clean,81280.0,0.37,10.63,20.93,4813.56,2.31,0.86,3.31e-06,10.54,1.36952,0.5067224
698,FAHPOV_clean,30572.2,0.47,12.71,15.83,4032.57,1.77,0.82,4.08e-06,16.32,0.8912899999999999,0.41890629999999995
699,FEFDEB_manual,35638.8,0.54,11.6,13.11,3561.96,1.43,0.77,3.63e-06,15.88,0.64137,0.34633980000000003
700,FIJDOS_clean,26543.1,1.22,10.91,11.72,1239.51,0.54,0.66,3.45e-06,19.37,0.26285000000000003,0.32067700000000005
701,FUNCEX_clean,39552.3,0.54,12.48,13.22,3456.38,1.46,0.79,5.93e-06,17.62,0.73891,0.3990114
702,FUSYUO_stripped,19638.4,1.11,14.27,14.38,628.38,0.51,0.57,6.12e-06,25.55,0.15763,0.1749693
703,FUYCIN_clean,44858.5,0.44,11.12,11.39,4274.43,1.9,0.83,4.78e-06,14.41,1.17505,0.517022
704,GARTUR_clean,79627.6,1.35,10.85,11.12,1128.87,0.5,0.68,5.05e-06,22.64,0.13218000000000002,0.17844300000000005
705,GISNED_clean,53354.7,0.45,10.61,16.88,4470.33,1.86,0.83,3.15e-06,11.05,1.01488,0.456696
706,GITVEL_clean (ZIF-70),22772.9,0.78,13.38,15.25,2178.46,0.94,0.73,4.07e-06,17.26,0.38089,0.29709420000000003
707,GITVEL01_clean (ZIF-70),22772.9,0.78,13.38,15.28,2167.86,0.94,0.73,4.5e-06,18.62,0.36179,0.2821962
708,GUPBEZ02_clean,60485.9,0.91,10.85,23.87,1761.97,0.88,0.8,1.49e-06,13.29,0.47057,0.4282187
709,HIFGIO_SL,49975.4,0.73,12.06,12.58,2183.29,0.96,0.7,8.9e-06,23.28,0.35202999999999995,0.2569819
710,HOHMEX_manual,17235.8,0.32,14.89,18.78,4988.28,2.74,0.87,4.66e-06,13.24,1.97209,0.6310688
711,HOMXIR_manual,51616.5,0.39,22.85,23.7,4400.51,2.16,0.85,3.57e-06,11.61,1.35882,0.5299398
712,IBUBIT_clean,49489.7,0.88,10.8,11.26,2018.51,0.8,0.7,4.6e-06,20.56,0.21253,0.1870264
713,IMIDZB13_stripped,20133.7,0.79,13.54,14.95,2247.54,0.9,0.71,6.3e-06,23.84,0.24155000000000001,0.1908245
714,IZUKIZ_stripped,32013.8,1.18,10.54,10.99,1124.15,0.51,0.6,2.43e-06,17.93,0.21489,0.25357019999999997
715,IZUVUV_clean,76047.3,0.9,10.34,10.56,1594.99,0.72,0.65,9.53e-06,23.42,0.22756,0.204804
716,ja408959g_si_002_clean,49002.2,0.44,30.38,31.07,3306.04,1.89,0.83,4.65e-06,15.01,1.16771,0.5137924
717,JENKET_SL,50359.7,0.7,11.09,12.85,1960.72,0.98,0.69,3.37e-06,16.62,0.45516,0.318612
718,KAFTUJ_stripped,46327.4,0.68,14.55,16.8,2312.64,1.07,0.73,3.21e-06,13.57,0.37175,0.25279
719,KARNAU_clean,19303.7,0.46,10.48,15.53,4071.6,1.73,0.8,7.72e-06,21.88,0.88793,0.4084478
720,KAWHEY_clean,42398.4,0.46,15.59,18.21,3246.41,1.76,0.81,3.08e-06,12.04,1.02397,0.47102620000000006
721,KIGCEK_clean,33137.7,0.99,10.28,10.39,1229.06,0.62,0.61,6.34e-06,22.31,0.22501,0.22275989999999998
722,KIPKIF_stripped,65107.5,1.11,10.34,10.44,614.87,0.49,0.55,1.65e-06,19.29,0.10354000000000001,0.11492940000000001
723,KUMGUW_stripped,17813.4,0.9,18.43,19.13,1209.04,0.77,0.7,5.25e-06,24.78,0.45297000000000004,0.40767300000000006
724,KUPTIA_clean,62295.8,0.83,10.84,15.26,2076.58,0.87,0.72,3.15e-06,14.05,0.25773,0.2139159
725,KUVMIZ_clean,29566.9,0.36,11.01,15.75,4854.87,2.28,0.82,4.08e-06,13.37,1.32047,0.4753692
726,LETPOR_clean,81853.6,1.31,10.65,11.07,1108.23,0.52,0.68,5.77e-06,24.98,0.14933000000000002,0.19562230000000003
727,LETPUX_clean,70255.4,1.07,16.43,17.66,1278.39,0.69,0.74,4.87e-06,22.46,0.29422000000000004,0.3148154000000001
728,LETQAE_clean,97009.5,0.94,17.56,18.32,1390.94,0.82,0.77,4.19e-06,20.95,0.4156,0.390664
729,LETQEI_clean,131685.0,0.81,25.44,25.69,1425.77,0.98,0.8,6.96e-06,24.7,0.47529000000000005,0.3849849000000001
730,LIHFAK_stripped,56873.4,0.5,12.08,14.54,3989.77,1.6,0.81,3.14e-06,11.67,0.79172,0.39586
731,LOXKAM_clean,35091.7,0.78,13.78,14.56,1783.54,0.85,0.66,3.94e-06,17.19,0.26513,0.2068014
732,LUVTEC_stripped,37832.2,1.08,10.04,10.44,974.03,0.55,0.6,2.55e-06,19.16,0.17363,0.18752040000000003
733,MERLAZ_stripped,28711.9,0.37,23.18,25.85,3978.75,2.29,0.85,8.26e-06,16.72,1.38069,0.5108553
734,MIMSUY_clean,57169.7,0.97,10.81,11.16,1185.61,0.63,0.62,1.96e-06,12.89,0.16788999999999998,0.16285329999999998
735,NIGBOW_clean,24548.8,0.66,11.57,11.81,2465.49,1.07,0.71,5.69e-06,18.86,0.51303,0.3385998
736,NUSXAC_stripped,56740.4,0.5,14.46,23.35,3321.1,1.65,0.82,9.87e-06,22.09,0.93171,0.465855
737,OLOGEC_clean,28376.2,0.53,10.54,13.04,3828.67,1.54,0.81,3.79e-06,14.24,0.8706,0.46141800000000005
738,ORIVOC_clean,19740.5,1.23,10.86,11.64,1221.43,0.54,0.66,4.1e-06,20.74,0.24368,0.2997264
739,OXOLAP_SL,15814.8,0.6,13.86,19.1,1925.49,1.25,0.75,5.06e-06,18.86,0.76601,0.45960599999999996
740,PAJRUQ_stripped,56296.7,0.85,11.23,11.81,789.43,0.83,0.7,1.75e-06,13.1,0.21765,0.18500250000000001
741,PAJSAX_clean,56296.7,0.85,11.2,11.73,776.13,0.82,0.7,1.77e-06,14.17,0.17278,0.146863
742,PIBNUK_clean,134872.0,0.42,14.19,15.38,3300.21,1.97,0.83,2.38e-06,9.88,1.1780599999999999,0.4947851999999999
743,PIBNUK01_clean,134767.0,0.42,14.18,15.37,3303.21,1.98,0.84,2.18e-06,8.69,1.11739,0.46930380000000005
744,PIBPIA_clean,17578.0,0.46,14.25,15.49,2979.36,1.83,0.84,9.8e-06,19.54,1.22168,0.5619728
745,PUFQUE_clean,29189.0,0.69,11.63,13.19,3165.61,1.1,0.76,4.53e-06,16.31,0.34188999999999997,0.23590409999999995
746,PUFRIT_clean,31665.0,0.66,12.1,12.47,3392.23,1.15,0.76,8.68e-06,19.72,0.45,0.29700000000000004
747,QUPZIM02_stripped,20716.2,0.68,10.1,10.31,2469.62,1.05,0.71,3.2e-06,15.32,0.52654,0.3580472
748,ravwuiMTX,146013.0,0.33,36.43,36.79,2924.04,2.54,0.85,4.26e-06,14.27,1.54553,0.5100249
749,RUBDUP_clean,36796.4,0.3,19.25,21.1,4227.56,2.9,0.87,3.79e-06,11.62,1.92591,0.577773
750,RUBLAD_auto,70750.1,0.71,11.09,13.24,2883.64,1.04,0.74,2.76e-06,14.37,0.18919,0.1343249
751,RUTNOK_manual,19772.2,0.24,14.65,24.61,6197.94,3.72,0.9,6.7e-06,14.81,2.56523,0.6156552
752,SUGDIJ_auto,80271.7,0.41,11.59,13.0,4803.02,2.04,0.84,2.98e-06,10.04,1.0704,0.438864
753,SUKNOC_charged,66605.2,0.73,11.41,12.18,2417.71,0.97,0.7,3.7e-06,16.4,0.3925,0.28652500000000003
754,SUKNUI_charged,61737.6,0.78,10.3,11.25,2280.0,0.88,0.68,4.54e-06,19.55,0.19029,0.1484262
755,TADWIG_manual,22748.9,0.78,12.01,12.2,1988.69,0.86,0.67,7.45e-06,20.81,0.32643,0.2546154
756,TASZAQ_charged,18112.7,0.61,11.21,12.48,2273.72,1.21,0.74,6.2e-06,18.83,0.5467000000000001,0.33348700000000003
757,TASZEU_charged,17382.2,0.56,10.92,12.15,3202.46,1.36,0.76,6.73e-06,17.84,0.61782,0.34597920000000004
758,TOVJEV_clean,36050.9,0.4,10.37,13.68,4638.42,2.09,0.83,6.44e-06,18.67,1.21983,0.48793200000000003
759,TOVKOG_clean,124067.0,0.33,13.15,22.84,4634.36,2.6,0.86,8.42e-06,20.88,1.40302,0.4629966
760,UBULIO_SL,52281.4,0.44,22.9,24.23,4071.32,1.9,0.83,7.36e-06,15.46,1.06671,0.4693524
761,UQOFIR_clean,31861.6,0.68,13.07,14.69,2771.9,1.18,0.8,5.51e-06,18.19,0.65137,0.44293160000000004
762,VAGMAT_clean,57650.3,0.36,13.26,14.92,5203.63,2.33,0.85,3.68e-06,10.77,1.35354,0.4872744
763,VAGMEX_clean,59698.5,0.35,14.49,15.28,5176.93,2.43,0.86,8.7e-06,23.53,1.40648,0.49226799999999993
764,VEWKUF_clean,50510.7,0.47,10.55,11.97,4349.21,1.66,0.78,4.78e-06,15.77,0.74998,0.3524906
765,WIJXIY_clean,38414.5,0.48,11.56,14.24,3605.53,1.74,0.83,3.79e-06,14.24,1.0608,0.509184
766,WITKIV_clean,51395.2,0.59,11.48,20.46,2729.07,1.33,0.78,3.89e-06,14.66,0.6988,0.412292
767,WIZDEP_clean,25087.2,1.29,10.51,11.39,1131.22,0.5,0.64,4.4e-06,24.62,0.23736000000000002,0.30619440000000003
768,WOBHEB_clean,21241.0,1.22,11.04,11.82,1218.5,0.54,0.66,6.41e-06,25.88,0.26263,0.3204086
769,WOBHEB01_clean,21084.9,1.23,10.62,11.4,1210.75,0.54,0.66,3.02e-06,17.11,0.26245999999999997,0.32282579999999994
770,WOBHIF_stripped,61464.7,1.26,10.81,11.58,1192.33,0.52,0.66,2.88e-06,16.71,0.24725,0.311535
771,WOBHIF01_stripped,62096.7,1.25,10.75,11.55,1213.38,0.53,0.66,2.74e-06,19.51,0.23964,0.29955
772,WOBHIF02_stripped,63599.6,1.22,10.81,11.64,1240.55,0.54,0.66,2.9e-06,20.76,0.26626,0.3248372
773,WOBHIF03_stripped,63313.3,1.23,10.79,11.6,1233.67,0.54,0.66,2.09e-06,15.17,0.24167,0.29725409999999997
774,WOBHOL_clean,21299.0,1.22,10.85,11.68,1232.33,0.54,0.66,3.86e-06,21.38,0.28528,0.34804159999999995
775,WUHCUZ_auto,21786.1,0.3,12.21,23.13,5513.39,2.91,0.87,3.75e-06,12.94,1.8024,0.54072
776,WUHDAG_auto,24188.2,0.29,10.5,25.24,5492.64,2.99,0.87,4.69e-06,16.28,2.01428,0.5841411999999999
777,WUPTUY01_stripped,63099.9,0.6,13.73,19.35,1949.25,1.25,0.75,3e-06,13.78,0.66206,0.397236
778,WUTBEU_clean,29245.7,0.75,12.45,12.66,2153.91,0.98,0.74,2.43e-06,13.39,0.49534,0.371505
779,XAFFAN_clean,57578.9,0.37,13.24,14.92,5174.76,2.33,0.85,3.59e-06,10.59,1.39373,0.5156801
780,XAFFER_clean,58428.4,0.36,13.29,14.22,5159.39,2.37,0.85,3.69e-06,11.1,1.40142,0.5045112
781,XIGFOJ_manual,60920.7,0.69,18.73,18.91,1909.14,1.11,0.77,3.17e-06,15.08,0.62854,0.4336926
782,XIJNUA,20922.9,0.78,15.61,16.12,1930.41,1.04,0.81,1.29e-06,14.1,0.61119,0.47672820000000005
783,XOVQEF_SL,36733.1,0.43,11.43,13.74,4583.42,1.89,0.82,3.94e-06,12.82,1.05943,0.45555490000000004
784,XOXMED_clean,104310.0,0.5,12.49,15.2,3686.84,1.59,0.79,7.7e-06,17.5,0.72562,0.36281
785,XUXPUD_clean,56013.6,0.71,16.72,16.79,1891.58,1.08,0.77,3.12e-06,14.89,0.62379,0.4428908999999999
786,YODWOF_clean,33905.3,0.35,14.64,21.6,4812.46,2.45,0.87,4.11e-06,12.8,1.48038,0.518133
787,YODWUL_clean,30086.0,0.42,11.53,23.49,4444.42,1.99,0.85,4.31e-06,12.52,1.16938,0.4911396
788,YOZQEK_clean,84055.2,0.61,12.01,13.98,2827.8,1.28,0.78,3.24e-06,14.08,0.70112,0.4276832
789,YUXQIS_clean,77700.5,0.69,14.42,17.65,2523.2,1.08,0.75,3.12e-06,14.56,0.44609,0.30780209999999997
790,YUZPIU_clean,80258.2,0.41,10.27,24.28,4703.4,2.07,0.84,4.81e-06,13.82,1.17801,0.48298409999999997
791,ZARLEL_clean,65149.8,0.49,13.28,14.43,3046.07,1.61,0.79,2.88e-06,15.25,0.9014099999999999,0.44169089999999994
792,ZELROZ_manual,40161.2,0.36,11.07,16.91,4948.3,2.41,0.87,3.39e-06,12.84,1.3869,0.499284
793,MOF-808-A,88528.4,0.87,9.55,16.09,1927.24,0.84,0.73,2.48e-06,15.68,0.325,0.28275
794,DITJOH,16792.4,0.47,8.59,17.63,3860.77,1.72,0.81,4.08e-06,13.94,0.95284,0.4478348
795,NU-1000,22145.3,0.49,27.39,29.12,3136.26,1.66,0.81,3.94e-06,16.08,1.0112999999999999,0.49553699999999995
796,MOF-808_F,44177.5,0.82,11.56,18.46,1975.12,0.93,0.76,1.96e-06,14.68,0.48317,0.3961994
797,Zr6-AzoBDC,21172.9,0.57,8.42,20.31,3584.44,1.38,0.79,2.45e-06,13.07,0.6994900000000001,0.3987093
798,UiO-68,70236.8,0.49,8.86,16.68,4029.35,1.63,0.8,2.18e-06,9.0,0.79547,0.3897803
799,VUSKEA_clean,34397.6,0.59,8.0,15.0,3638.86,1.36,0.81,3.32e-06,17.14,0.68389,0.4034951
800,MIL-177,5441.38,1.29,9.84,13.59,652.63,0.42,0.54,5.52e-06,21.19,0.12644,0.1631076
801,MOF-200,6585.27,1.13,13.16,14.61,1235.53,0.56,0.64,5.29e-06,24.88,0.16049000000000002,0.1813537
802,Zr-IPA,21172.9,1.18,19.45,20.31,746.54,0.53,0.63,1.65e-06,16.34,0.2773,0.32721399999999995
803,DUT-51,124730.0,0.62,9.08,24.61,2737.85,1.31,0.81,3.17e-06,16.61,0.68163,0.42261059999999995
804,DUT-67-MS,59868.2,0.99,6.73,17.05,1796.01,0.72,0.72,3.99e-06,19.51,0.33664,0.3332736
805,BPM,2734.68,0.77,15.7,15.81,1832.84,0.94,0.72,4.29e-06,19.41,0.49015,0.3774155
806,BPP,7795.57,0.81,14.97,16.15,1746.95,0.89,0.72,7.5e-06,24.74,0.47512,0.3848472
807,TPM,14180.2,0.56,20.38,21.15,2330.32,1.39,0.77,3.55e-06,16.16,0.7766799999999999,0.4349408
808,TPP,11626.3,0.68,17.85,18.47,1964.75,1.07,0.73,7.36e-06,24.53,0.5252100000000001,0.3571428000000001
809,FOTNIN_clean,171589.0,0.27,28.36,33.74,2986.23,3.31,0.9,2.8e-06,7.82,2.6785900000000002,0.7232193000000001
810,MIL-125,6562.49,0.84,4.3,11.29,2078.87,0.82,0.68,2.57e-06,15.17,0.22196000000000002,0.1864464
